frame_idx,x_pred,y_pred
0,982.256805419922,560.6183929443359
1,976.2788452148438,560.4709747314454
2,965.884080810547,560.1026068115235
3,951.5983046875,559.6307030029297
4,934.3296447265626,558.9882263427735
5,914.6300670996096,558.4642291455079
6,893.2982492363283,557.968575699219
7,870.9166267328126,557.4738901003908
8,847.3870977729689,557.2531263625392
9,823.0728007769688,557.0433244542892
10,798.3467049770438,556.8634651054235
11,773.5122150558539,556.557697133167
12,748.5108401599175,556.2316160805572
13,723.6821615078169,555.7444725519457
14,699.0119401437536,555.0973266987831
15,674.5514191804326,554.0438098453546
16,650.3528601978618,552.3102767581197
17,626.7991399649301,550.5894659133318
18,603.8341422942098,548.5442289806655
19,581.6187237474772,546.3398448544543
20,559.7576682069662,544.1452370896181
21,538.5879186231901,542.0841370593898
22,518.3632365098803,540.1144989785666
23,498.9747048084902,538.0598120734783
24,480.479116874136,536.3192852056576
25,462.87202030594943,534.7621023588621
26,446.13950772425176,533.3622545189256
27,430.4842486964913,531.9947352557656
28,415.6981976022125,530.7935573696516
29,401.9562387458326,529.6596353244322
30,1.0305759906768799,1.2816435098648071
31,0.8987188935279846,1.4992595911026
32,0.8090746402740479,1.679071068763733
33,0.7597469687461853,1.7992607355117798
34,0.6762815117835999,1.8346096277236938
35,0.6150854825973511,1.7880396842956543
36,0.5943561792373657,1.7244106531143188
37,0.5971356630325317,1.6670957803726196
38,0.6097433567047119,1.6223561763763428
39,0.6245197057723999,1.5921967029571533
40,0.6287841200828552,1.6619309186935425
41,0.6008432507514954,1.8275700807571411
42,0.5642945170402527,1.9136184453964233
43,0.5342019200325012,1.9561370611190796
44,0.5141481757164001,1.975307583808899
45,0.5030196309089661,1.9818686246871948
46,0.4986124336719513,1.981706976890564
47,0.4992031157016754,1.9778236150741577
48,0.5062819719314575,1.9708071947097778
49,0.5153199434280396,1.965933084487915
50,0.5159256458282471,1.976984977722168
51,0.5071374177932739,2.02329158782959
52,0.5075759887695312,2.0826971530914307
53,0.5198453068733215,2.1164472103118896
54,0.5299738645553589,2.1314938068389893
55,0.5424572229385376,2.133223056793213
56,0.5551887154579163,2.1300125122070312
57,0.5497437715530396,2.1421384811401367
58,0.5401998162269592,2.152395486831665
59,0.5389276742935181,2.1553359031677246
60,0.5425941348075867,2.143040418624878
61,0.5532302260398865,2.1200995445251465
62,0.5691408514976501,2.0825765132904053
63,0.5864930748939514,2.039900302886963
64,0.6037676930427551,2.0059146881103516
65,0.6192324161529541,1.9818037748336792
66,0.632239818572998,1.9653629064559937
67,0.6430224776268005,1.954940676689148
68,0.6573812961578369,1.9433082342147827
69,0.7845858931541443,1.7815051078796387
70,0.9163599610328674,1.6206811666488647
71,0.9990018010139465,1.5109697580337524
72,1.0550938844680786,1.4250491857528687
73,1.0978537797927856,1.3275954723358154
74,1.1537762880325317,1.088680624961853
75,1.1947985887527466,0.9329555630683899
76,1.2174874544143677,0.8363926410675049
77,1.2320433855056763,0.7628754377365112
78,1.2504128217697144,0.6951470971107483
79,1.3605905771255493,0.44901958107948303
80,1.5186477899551392,0.14526861906051636
81,1.6639964580535889,0.00167035311460495
82,1.7374681234359741,-0.05463043600320816
83,1.7953438758850098,-0.08628056198358536
84,1.8427433967590332,-0.11081840842962265
85,1.8458415269851685,-0.11022645980119705
86,1.8318990468978882,-0.08001894503831863
87,1.8125988245010376,-0.03477027267217636
88,1.7958012819290161,0.002534531056880951
89,1.783413290977478,0.03455331176519394
90,1.7760196924209595,0.06500671058893204
91,1.7725684642791748,0.09316974133253098
92,1.770614743232727,0.11515070497989655
93,1.7685621976852417,0.1301027238368988
94,1.7652336359024048,0.13766786456108093
95,1.7592412233352661,0.14159175753593445
96,1.743363857269287,0.14704576134681702
97,1.7119230031967163,0.15196901559829712
98,1.6837096214294434,0.14727234840393066
99,1.6719202995300293,0.14236998558044434
100,1.6685923337936401,0.13905024528503418
101,1.6682311296463013,0.13668936491012573
102,1.6690046787261963,0.13422158360481262
103,1.6715213060379028,0.12814632058143616
104,1.6830202341079712,0.09854038059711456
105,1.7136725187301636,0.012954436242580414
106,1.7442259788513184,-0.07661980390548706
107,1.767848253250122,-0.14744853973388672
108,1.7851191759109497,-0.19948092103004456
109,1.7975378036499023,-0.23642227053642273
110,1.8064035177230835,-0.2622525691986084
111,1.8126493692398071,-0.28058889508247375
112,1.8168354034423828,-0.2948271334171295
113,1.8191667795181274,-0.30816689133644104
114,1.8195171356201172,-0.3232162892818451
115,1.8178211450576782,-0.3403837978839874
116,1.8149250745773315,-0.35693779587745667
117,1.8117154836654663,-0.3713185489177704
118,1.8087985515594482,-0.3829631507396698
119,1.806479811668396,-0.3918822407722473
120,1.8049124479293823,-0.3981689512729645
121,1.8042820692062378,-0.40159502625465393
122,1.8048245906829834,-0.40157800912857056
123,1.8068205118179321,-0.39705002307891846
124,1.810458779335022,-0.38639113306999207
125,1.814853549003601,-0.3708018660545349
126,1.818668007850647,-0.3549339175224304
127,1.8214925527572632,-0.3415813744068146
128,1.8234316110610962,-0.33112582564353943
129,1.824612021446228,-0.3231481611728668
130,1.8251062631607056,-0.31684595346450806
131,1.8248560428619385,-0.3110383450984955
132,1.8230596780776978,-0.30203935503959656
133,1.8151367902755737,-0.2735009491443634
134,1.7920162677764893,-0.19807159900665283
135,1.7672730684280396,-0.11792657524347305
136,1.7461374998092651,-0.05232632905244827
137,1.7280806303024292,-0.000947214663028717
138,1.7129360437393188,0.03852253407239914
139,1.700571060180664,0.0684313103556633
140,1.690755009651184,0.09082921594381332
141,1.683193564414978,0.10744770616292953
142,1.677589774131775,0.11972280591726303
143,1.67367422580719,0.12885096669197083
144,1.6712405681610107,0.13587045669555664
145,1.6700855493545532,0.14161768555641174
146,1.6699312925338745,0.14665699005126953
147,1.670373797416687,0.15119269490242004
148,1.6709699630737305,0.15511058270931244
149,1.671457052230835,0.15820607542991638
150,1.6719627380371094,0.1601887047290802
151,1.6736640930175781,0.15873944759368896
152,1.6818819046020508,0.13965293765068054
153,1.7001279592514038,0.09922972321510315
154,1.720031499862671,0.0727953091263771
155,1.7348970174789429,0.0581132248044014
156,1.7433730363845825,0.047399453818798065
157,1.7466514110565186,0.03846552222967148
158,1.7462726831436157,0.030878208577632904
159,1.744252324104309,0.02549760788679123
160,1.7434121370315552,0.025654010474681854
161,1.7445884943008423,0.036062441766262054
162,1.743626594543457,0.056498415768146515
163,1.7388018369674683,0.08110085874795914
164,1.7309074401855469,0.10274787992238998
165,1.7221049070358276,0.11992402374744415
166,1.7134356498718262,0.13354942202568054
167,1.7047630548477173,0.14501707255840302
168,1.6966625452041626,0.15655583143234253
169,1.6881073713302612,0.17517882585525513
170,1.598857045173645,0.3337410092353821
171,1.526671051979065,0.4689399003982544
172,1.475546956062317,0.5660505294799805
173,1.4396113157272339,0.6359282732009888
174,1.4140805006027222,0.6862637996673584
175,1.3928171396255493,0.7233510613441467
176,1.363830327987671,0.751952052116394
177,1.3217796087265015,0.7735936641693115
178,1.2857275009155273,0.7923984527587891
179,1.2615796327590942,0.8141824007034302
180,1.2439923286437988,0.8409615755081177
181,1.2282792329788208,0.8729782700538635
182,1.2065962553024292,0.9195184707641602
183,1.1699191331863403,0.9969173073768616
184,1.1117388010025024,1.10524582862854
185,1.0053452253341675,1.2495771646499634
186,0.9189150929450989,1.4136239290237427
187,0.855362594127655,1.5608599185943604
188,0.7709553241729736,1.6511073112487793
189,0.7208124399185181,1.6919559240341187
190,0.6970160007476807,1.695759892463684
191,0.6934369206428528,1.6640232801437378
192,0.6972776651382446,1.6231896877288818
193,0.7028610110282898,1.5866895914077759
194,0.7058176398277283,1.5804404020309448
195,0.6843590140342712,1.7344799041748047
196,0.6437985301017761,1.8512924909591675
197,0.6091081500053406,1.9097665548324585
198,0.5908561944961548,1.9378012418746948
199,0.5901842713356018,1.949751853942871
200,0.5985761284828186,1.9550881385803223
201,0.606541633605957,1.9600050449371338
202,0.6100499033927917,1.9677780866622925
203,0.610612690448761,1.9801493883132935
204,0.612837553024292,1.9996006488800049
205,0.6076703071594238,2.0440170764923096
206,0.5853748321533203,2.104749917984009
207,0.557871401309967,2.1476564407348633
208,0.5436434149742126,2.163893222808838
209,0.5413579940795898,2.163555383682251
210,0.5447501540184021,2.1509153842926025
211,0.5514084696769714,2.1320555210113525
212,0.5641878247261047,2.10412335395813
213,0.5793482661247253,2.0645523071289062
214,0.5953803658485413,2.0254480838775635
215,0.6110665798187256,1.9956694841384888
216,0.6252639889717102,1.9743621349334717
217,0.6474617123603821,1.9515327215194702
218,0.7168136239051819,1.879173994064331
219,0.7722387909889221,1.819279432296753
220,0.8366216421127319,1.7473292350769043
221,0.9388656616210938,1.6101495027542114
222,1.00240957736969,1.5223548412322998
223,1.0475472211837769,1.433118462562561
224,1.110966444015503,1.1919081211090088
225,1.1660295724868774,1.0060535669326782
226,1.197832703590393,0.9020572304725647
227,1.2126392126083374,0.8400464653968811
228,1.2203036546707153,0.7936632633209229
229,1.2331249713897705,0.736501932144165
230,1.3444117307662964,0.4738107919692993
231,1.4830495119094849,0.1632387936115265
232,1.6194572448730469,0.012200944125652313
233,1.7050127983093262,-0.051631368696689606
234,1.7488226890563965,-0.07194434851408005
235,1.8125501871109009,-0.09630251675844193
236,1.8359853029251099,-0.09699121862649918
237,1.8363298177719116,-0.09005778282880783
238,1.8267461061477661,-0.07851184159517288
239,1.8113561868667603,-0.045006267726421356
240,1.7947970628738403,-0.005284570157527924
241,1.7812684774398804,0.026564352214336395
242,1.7718242406845093,0.05343583971261978
243,1.7669119834899902,0.07851014286279678
244,1.7655525207519531,0.10213176161050797
245,1.7655664682388306,0.12085922062397003
246,1.7637664079666138,0.134489506483078
247,1.753754734992981,0.14535650610923767
248,1.72821044921875,0.1550942361354828
249,1.6970914602279663,0.15972784161567688
250,1.6770429611206055,0.15536171197891235
251,1.6692112684249878,0.14803361892700195
252,1.6671828031539917,0.14335262775421143
253,1.6669858694076538,0.14030854403972626
254,1.6673545837402344,0.1382003128528595
255,1.6678651571273804,0.13660642504692078
256,1.6684495210647583,0.13518023490905762
257,1.669301152229309,0.13326379656791687
258,1.6711853742599487,0.12881401181221008
259,1.6769291162490845,0.11435279995203018
260,1.6934419870376587,0.07038112729787827
261,1.7206496000289917,-0.006558828055858612
262,1.7475318908691406,-0.08583024889230728
263,1.7690681219100952,-0.15076944231987
264,1.7851924896240234,-0.1996714174747467
265,1.7969754934310913,-0.2349546253681183
266,1.8054879903793335,-0.259653240442276
267,1.8116244077682495,-0.2765726149082184
268,1.8160479068756104,-0.2879433333873749
269,1.819236159324646,-0.2954404652118683
270,1.8215290307998657,-0.3002663254737854
271,1.8231719732284546,-0.30327945947647095
272,1.824336051940918,-0.30506470799446106
273,1.8251391649246216,-0.3060115873813629
274,1.8256622552871704,-0.30638206005096436
275,1.8259588479995728,-0.30634891986846924
276,1.826058268547058,-0.3060057461261749
277,1.8259748220443726,-0.30537834763526917
278,1.82569420337677,-0.30437934398651123
279,1.82510507106781,-0.30259692668914795
280,1.82388436794281,-0.29882538318634033
281,1.8209216594696045,-0.2890808582305908
282,1.8125704526901245,-0.26103469729423523
283,1.7941220998764038,-0.20088443160057068
284,1.7707196474075317,-0.1265830397605896
285,1.7494326829910278,-0.0613124743103981
286,1.7310465574264526,-0.008879952132701874
287,1.7155523300170898,0.031831882894039154
288,1.7028251886367798,0.06286754459142685
289,1.6926389932632446,0.08619283884763718
290,1.6846920251846313,0.10349849611520767
291,1.6786547899246216,0.11620113998651505
292,1.674219012260437,0.12545858323574066
293,1.6711242198944092,0.13222172856330872
294,1.669154405593872,0.13725891709327698
295,1.6681722402572632,0.1412603259086609
296,1.6680539846420288,0.1447819471359253
297,1.6686009168624878,0.1481626033782959
298,1.6695376634597778,0.15150335431098938
299,1.6705290079116821,0.15464767813682556
300,1.6713296175003052,0.1573365032672882
301,1.6719369888305664,0.1593495011329651
302,1.6727901697158813,0.16002655029296875
303,1.675992727279663,0.15445983409881592
304,1.687527060508728,0.1263394057750702
305,1.7066692113876343,0.08806522935628891
306,1.7252897024154663,0.06576532870531082
307,1.7384984493255615,0.052732281386852264
308,1.7458641529083252,0.043143562972545624
309,1.7485989332199097,0.035169295966625214
310,1.7480441331863403,0.028412677347660065
311,1.745839238166809,0.023472584784030914
312,1.744254469871521,0.02265932410955429
313,1.7448198795318604,0.030264563858509064
314,1.7445553541183472,0.04728034883737564
315,1.741097331047058,0.07074207812547684
316,1.734330415725708,0.09369385987520218
317,1.7259360551834106,0.11258634179830551
318,1.7174979448318481,0.12740792334079742
319,1.7094053030014038,0.13924631476402283
320,1.701367735862732,0.1494239866733551
321,1.6941691637039185,0.1604677438735962
322,1.6873232126235962,0.183528333902359
323,1.6033692359924316,0.3344678282737732
324,1.5286167860031128,0.4670674800872803
325,1.4768468141555786,0.5630970001220703
326,1.4391051530838013,0.6330711841583252
327,1.4051539897918701,0.6839334964752197
328,1.3637129068374634,0.7199701070785522
329,1.324400782585144,0.7437683343887329
330,1.2983587980270386,0.7618848085403442
331,1.281331181526184,0.7791280150413513
332,1.267866849899292,0.7973446846008301
333,1.255669355392456,0.8174818754196167
334,1.2442059516906738,0.8407240509986877
335,1.233405590057373,0.8674732446670532
336,1.2218528985977173,0.8985636234283447
337,1.1907682418823242,0.9479233026504517
338,1.106488585472107,1.0305593013763428
339,1.0492695569992065,1.1193552017211914
340,1.015651822090149,1.2097498178482056
341,0.9432525038719177,1.2905339002609253
342,0.8588551878929138,1.3917912244796753
343,0.7532629370689392,1.6170661449432373
344,0.7035737633705139,1.6928449869155884
345,0.6998656392097473,1.6705695390701294
346,0.7168191075325012,1.6280161142349243
347,0.7387331128120422,1.5929218530654907
348,0.7573654055595398,1.5724252462387085
349,0.7632091641426086,1.63544762134552
350,0.7388233542442322,1.8113523721694946
351,0.7088578343391418,1.8959134817123413
352,0.6868353486061096,1.9331167936325073
353,0.6746177077293396,1.947906255722046
354,0.6702977418899536,1.9511693716049194
355,0.6740111708641052,1.9450372457504272
356,0.6856164932250977,1.9305765628814697
357,0.7000524401664734,1.915722370147705
358,0.711184561252594,1.917386770248413
359,0.714815080165863,1.9478116035461426
360,0.710525631904602,1.980718970298767
361,0.7126322388648987,1.9913862943649292
362,0.7247454524040222,1.9780558347702026
363,0.7406412959098816,1.945725440979004
364,0.7560037970542908,1.902971863746643
365,0.7707614302635193,1.8644893169403076
366,0.7845337986946106,1.8352642059326172
367,0.7965322732925415,1.8139551877975464
368,0.8065402507781982,1.7988673448562622
369,0.8146937489509583,1.7888292074203491
370,0.8214642405509949,1.7828115224838257
371,0.8369011878967285,1.76606023311615
372,0.9267776012420654,1.6345468759536743
373,1.003762125968933,1.4772424697875977
374,1.0835734605789185,1.2129915952682495
375,1.1480106115341187,1.0407739877700806
376,1.1869851350784302,0.934403657913208
377,1.205706000328064,0.8710616230964661
378,1.2128125429153442,0.8328655958175659
379,1.2150903940200806,0.8057010769844055
380,1.2288949489593506,0.7527422904968262
381,1.3682575225830078,0.4218122959136963
382,1.476166844367981,0.14644858241081238
383,1.597725510597229,0.013815827667713165
384,1.6800028085708618,-0.04849652200937271
385,1.7156141996383667,-0.06663305312395096
386,1.7722431421279907,-0.08502046018838882
387,1.8109689950942993,-0.08722773939371109
388,1.8221921920776367,-0.07589694112539291
389,1.8234974145889282,-0.06524383276700974
390,1.8190988302230835,-0.059975333511829376
391,1.8102368116378784,-0.050440870225429535
392,1.7971683740615845,-0.02020777016878128
393,1.7837518453598022,0.013462059199810028
394,1.7730693817138672,0.04026962071657181
395,1.7657712697982788,0.06287980824708939
396,1.7622987031936646,0.0836547240614891
397,1.76077139377594,0.10441970080137253
398,1.7554010152816772,0.12455388158559799
399,1.7375496625900269,0.14403966069221497
400,1.7090964317321777,0.1586591601371765
401,1.6859246492385864,0.16374725103378296
402,1.6739516258239746,0.1627255380153656
403,1.6679874658584595,0.15506070852279663
404,1.6664711236953735,0.1487366259098053
405,1.666398286819458,0.14454711973667145
406,1.666713833808899,0.14166483283042908
407,1.667098879814148,0.13959777355194092
408,1.6674586534500122,0.1380496323108673
409,1.6677913665771484,0.13682958483695984
410,1.6681233644485474,0.13579922914505005
411,1.668497920036316,0.13481390476226807
412,1.6689964532852173,0.1336422860622406
413,1.6698267459869385,0.13173356652259827
414,1.6714147329330444,0.12794291973114014
415,1.6747417449951172,0.11966075003147125
416,1.6815444231033325,0.10213009268045425
417,1.693663239479065,0.06983125954866409
418,1.7110743522644043,0.02170037478208542
419,1.7305452823638916,-0.033969514071941376
420,1.7489529848098755,-0.08795326203107834
421,1.7646249532699585,-0.13461121916770935
422,1.777222990989685,-0.1722671389579773
423,1.7868729829788208,-0.2008395493030548
424,1.7939338684082031,-0.22117352485656738
425,1.7986830472946167,-0.23400822281837463
426,1.8013499975204468,-0.24000418186187744
427,1.8018237352371216,-0.2387886643409729
428,1.7994540929794312,-0.22829607129096985
429,1.7931572198867798,-0.20529091358184814
430,1.7814420461654663,-0.16595855355262756
431,1.765642762184143,-0.11557672172784805
432,1.7484045028686523,-0.06326176971197128
433,1.7318739891052246,-0.015857137739658356
434,1.7172168493270874,0.02364441007375717
435,1.7048643827438354,0.054925836622714996
436,1.6947840452194214,0.07899529486894608
437,1.6867738962173462,0.0971282348036766
438,1.6805448532104492,0.11057434976100922
439,1.6757994890213013,0.12040768563747406
440,1.6722629070281982,0.12751132249832153
441,1.6697020530700684,0.13258975744247437
442,1.6679270267486572,0.1362064778804779
443,1.6667944192886353,0.13881728053092957
444,1.6662029027938843,0.1407937854528427
445,1.6660815477371216,0.142439067363739
446,1.6664080619812012,0.14404916763305664
447,1.6671602725982666,0.14587083458900452
448,1.6682485342025757,0.1480289101600647
449,1.669519066810608,0.15051037073135376
450,1.6707390546798706,0.15310710668563843
451,1.6717329025268555,0.15555226802825928
452,1.6724408864974976,0.15759387612342834
453,1.6730290651321411,0.15898823738098145
454,1.674176812171936,0.1585552990436554
455,1.678586721420288,0.14946474134922028
456,1.6914937496185303,0.1178087517619133
457,1.7103111743927002,0.0818963572382927
458,1.728014588356018,0.06120293587446213
459,1.7405081987380981,0.04907112568616867
460,1.7475605010986328,0.04031657427549362
461,1.7503095865249634,0.03316044062376022
462,1.7499111890792847,0.027083180844783783
463,1.7476991415023804,0.02236836403608322
464,1.7453786134719849,0.02039133757352829
465,1.7448327541351318,0.024429894983768463
466,1.745161771774292,0.03706417232751846
467,1.7432857751846313,0.05732523649930954
468,1.7382855415344238,0.08080344647169113
469,1.7307560443878174,0.10185841470956802
470,1.7224448919296265,0.11881537735462189
471,1.7144304513931274,0.13208559155464172
472,1.7068346738815308,0.1427454650402069
473,1.6993818283081055,0.1522243767976761
474,1.6937276124954224,0.1672757863998413
475,1.687138319015503,0.19028529524803162
476,1.617254614830017,0.3121176064014435
477,1.537346363067627,0.44993677735328674
478,1.4788891077041626,0.549983561038971
479,1.425324559211731,0.6238758563995361
480,1.372841477394104,0.6761170625686646
481,1.3336292505264282,0.7111927270889282
482,1.3095545768737793,0.7357519865036011
483,1.294751763343811,0.7545592784881592
484,1.2841591835021973,0.7706151008605957
485,1.2749261856079102,0.7859743237495422
486,1.2657240629196167,0.8020405769348145
487,1.2563496828079224,0.8196402192115784
488,1.2471915483474731,0.8394128084182739
489,1.238425850868225,0.8621193766593933
490,1.2208126783370972,0.8926784992218018
491,1.1532058715820312,0.9452880620956421
492,1.1079946756362915,0.991539716720581
493,1.086890697479248,1.039137840270996
494,1.050812005996704,1.0840343236923218
495,0.969718873500824,1.1232715845108032
496,0.8697752952575684,1.318038821220398
497,0.7490084171295166,1.618119478225708
498,0.7117428183555603,1.6847652196884155
499,0.7168114185333252,1.6539578437805176
500,0.7385293245315552,1.6102854013442993
501,0.7626870274543762,1.5762040615081787
502,0.783372163772583,1.5532318353652954
503,0.7987928986549377,1.5427676439285278
504,0.7986024022102356,1.6376466751098633
505,0.7788316607475281,1.7908915281295776
506,0.76140296459198,1.8496522903442383
507,0.7504485249519348,1.868054747581482
508,0.7458270192146301,1.8704572916030884
509,0.7459748983383179,1.8667336702346802
510,0.7480382323265076,1.8580454587936401
511,0.7511973977088928,1.8533474206924438
512,0.755745530128479,1.867489218711853
513,0.7562903761863708,1.900466799736023
514,0.7543624043464661,1.9203130006790161
515,0.7578479051589966,1.909076452255249
516,0.7675921320915222,1.8787235021591187
517,0.780358076095581,1.8472293615341187
518,0.7928283214569092,1.8221187591552734
519,0.8035466074943542,1.8039329051971436
520,0.8122870922088623,1.791487455368042
521,0.8192565441131592,1.7836652994155884
522,0.8252696394920349,1.77858304977417
523,0.8503058552742004,1.7295721769332886
524,0.9698296189308167,1.4284645318984985
525,1.0709874629974365,1.2051156759262085
526,1.138274908065796,1.0596507787704468
527,1.1801419258117676,0.958031415939331
528,1.2016453742980957,0.8919901251792908
529,1.2103592157363892,0.8507430553436279
530,1.2125452756881714,0.8243231773376465
531,1.214989423751831,0.7990028858184814
532,1.2954367399215698,0.605406641960144
533,1.431559681892395,0.262653112411499
534,1.5101263523101807,0.08987455815076828
535,1.6240092515945435,-0.00844649225473404
536,1.6813379526138306,-0.05338452011346817
537,1.7069629430770874,-0.06477395445108414
538,1.7647857666015625,-0.08155540376901627
539,1.7991887331008911,-0.07903764396905899
540,1.8111838102340698,-0.06633863598108292
541,1.8150765895843506,-0.05433502048254013
542,1.8147189617156982,-0.047483138740062714
543,1.8107455968856812,-0.04626362770795822
544,1.8032246828079224,-0.038284458220005035
545,1.7918490171432495,-0.010563693940639496
546,1.7800666093826294,0.01998748630285263
547,1.7706934213638306,0.044281937181949615
548,1.7639886140823364,0.06470552831888199
549,1.7586630582809448,0.08472976833581924
550,1.7500137090682983,0.10696832090616226
551,1.7303961515426636,0.1312679946422577
552,1.7042006254196167,0.15111902356147766
553,1.6852320432662964,0.1620032787322998
554,1.6752738952636719,0.16567108035087585
555,1.6697396039962769,0.163367360830307
556,1.6668500900268555,0.15558749437332153
557,1.6664201021194458,0.1499982476234436
558,1.6665688753128052,0.1460701823234558
559,1.6668516397476196,0.1432109922170639
560,1.6671240329742432,0.14106690883636475
561,1.6673506498336792,0.13942456245422363
562,1.6675406694412231,0.138150155544281
563,1.66771399974823,0.1371307671070099
564,1.6678913831710815,0.1362861692905426
565,1.6680883169174194,0.13555216789245605
566,1.66831636428833,0.13487239181995392
567,1.668591856956482,0.13418015837669373
568,1.6689342260360718,0.13339516520500183
569,1.6693872213363647,0.13238364458084106
570,1.670005440711975,0.13097958266735077
571,1.670830249786377,0.12904265522956848
572,1.6719013452529907,0.1264481097459793
573,1.6732012033462524,0.12321991473436356
574,1.674635648727417,0.1195862665772438
575,1.6760576963424683,0.1159297302365303
576,1.677251935005188,0.11281874030828476
577,1.6779769659042358,0.110893614590168
578,1.6781666278839111,0.11034389585256577
579,1.6777962446212769,0.11123033612966537
580,1.6769347190856934,0.11336157470941544
581,1.675761103630066,0.11626499146223068
582,1.6744276285171509,0.11953122168779373
583,1.673068881034851,0.12280314415693283
584,1.6718101501464844,0.12577244639396667
585,1.6707028150558472,0.12832295894622803
586,1.6697540283203125,0.13045066595077515
587,1.6689589023590088,0.13219133019447327
588,1.6683036088943481,0.13360542058944702
589,1.667772650718689,0.1347590982913971
590,1.6673533916473389,0.135716050863266
591,1.667037844657898,0.1365378201007843
592,1.666825294494629,0.13727250695228577
593,1.6667221784591675,0.137985497713089
594,1.666738510131836,0.13872317969799042
595,1.6668933629989624,0.13955318927764893
596,1.6672064065933228,0.1405423879623413
597,1.6677048206329346,0.14177966117858887
598,1.6685734987258911,0.14356884360313416
599,1.6695960760116577,0.1457669734954834
600,1.6706842184066772,0.14828962087631226
601,1.6717863082885742,0.15105986595153809
602,1.6726380586624146,0.15370133519172668
603,1.6732076406478882,0.15598776936531067
604,1.673619270324707,0.1577492654323578
605,1.6741589307785034,0.15856805443763733
606,1.6758205890655518,0.15635475516319275
607,1.6833981275558472,0.13829880952835083
608,1.6981701850891113,0.10317537188529968
609,1.7160581350326538,0.07196558266878128
610,1.732511281967163,0.054829783737659454
611,1.7435301542282104,0.044115714728832245
612,1.7498284578323364,0.03651662915945053
613,1.7520174980163574,0.030304349958896637
614,1.7516852617263794,0.02509457617998123
615,1.7491523027420044,0.0208335742354393
616,1.746437907218933,0.019006721675395966
617,1.7455695867538452,0.02294974774122238
618,1.745307445526123,0.033433713018894196
619,1.7440662384033203,0.052198611199855804
620,1.7397443056106567,0.0755629912018776
621,1.7326065301895142,0.09741999953985214
622,1.7243404388427734,0.11527799814939499
623,1.7162591218948364,0.1292617917060852
624,1.708709478378296,0.14031225442886353
625,1.7014647722244263,0.14978429675102234
626,1.6955195665359497,0.1636371910572052
627,1.6901403665542603,0.1830710470676422
628,1.6715874671936035,0.217347651720047
629,1.5790635347366333,0.37133556604385376
630,1.5016359090805054,0.4918181598186493
631,1.4332443475723267,0.5809417366981506
632,1.3767917156219482,0.6444888710975647
633,1.3384236097335815,0.6884580850601196
634,1.3154187202453613,0.7192562818527222
635,1.3009198904037476,0.7413131594657898
636,1.2911887168884277,0.7579853534698486
637,1.2837918996810913,0.7717646360397339
638,1.2770808935165405,0.7844899892807007
639,1.2703603506088257,0.7973672151565552
640,1.2634888887405396,0.8110388517379761
641,1.2565432786941528,0.8259490728378296
642,1.2489157915115356,0.8428744077682495
643,1.2129758596420288,0.8760899305343628
644,1.1487702131271362,0.9182947874069214
645,1.1196826696395874,0.9500804543495178
646,1.110751986503601,0.9783406257629395
647,1.0829499959945679,0.9929425716400146
648,1.016192078590393,0.9901781678199768
649,0.9423792362213135,1.1100387573242188
650,0.8055683970451355,1.4753758907318115
651,0.7545815706253052,1.6113346815109253
652,0.7542858719825745,1.6028796434402466
653,0.7742918133735657,1.560078740119934
654,0.799446165561676,1.520437240600586
655,0.821586549282074,1.491770625114441
656,0.8379923701286316,1.472609043121338
657,0.8490568399429321,1.4590100049972534
658,0.8560847043991089,1.4483567476272583
659,0.8612686991691589,1.4394526481628418
660,0.8664367198944092,1.431353211402893
661,0.8724691271781921,1.4232550859451294
662,0.8798584938049316,1.4145768880844116
663,0.8885284066200256,1.4056838750839233
664,0.8976656198501587,1.398735523223877
665,0.9051837921142578,1.3987287282943726
666,0.9096221327781677,1.4049344062805176
667,0.9118111729621887,1.4082409143447876
668,0.9142104983329773,1.4037069082260132
669,0.9181857705116272,1.39423668384552
670,0.9232196807861328,1.3842746019363403
671,0.92859947681427,1.3762339353561401
672,0.9340766072273254,1.3704091310501099
673,0.9430148601531982,1.3612302541732788
674,1.0147403478622437,1.2603729963302612
675,1.104519009590149,1.1258976459503174
676,1.1558890342712402,1.0310299396514893
677,1.1841915845870972,0.9574050903320312
678,1.200313687324524,0.9006754159927368
679,1.2075246572494507,0.861218273639679
680,1.2094275951385498,0.8345916271209717
681,1.213607668876648,0.8060292601585388
682,1.312888503074646,0.5738049745559692
683,1.435080647468567,0.26171204447746277
684,1.4935277700424194,0.1098477765917778
685,1.6019271612167358,0.01637529581785202
686,1.660183310508728,-0.036363594233989716
687,1.6801729202270508,-0.053313709795475006
688,1.7159581184387207,-0.06464079767465591
689,1.7670818567276,-0.07208231836557388
690,1.7879334688186646,-0.06182757765054703
691,1.7977573871612549,-0.0488293394446373
692,1.803078532218933,-0.0383242592215538
693,1.8058313131332397,-0.032541923224925995
694,1.8060623407363892,-0.032784439623355865
695,1.803200602531433,-0.03570125252008438
696,1.7968240976333618,-0.026737846434116364
697,1.787015676498413,-0.0004895254969596863
698,1.776860237121582,0.026452980935573578
699,1.7674249410629272,0.04900001734495163
700,1.7563005685806274,0.06999307125806808
701,1.7376712560653687,0.09322767704725266
702,1.71122407913208,0.11854913830757141
703,1.6891709566116333,0.1399933397769928
704,1.6776336431503296,0.1546030044555664
705,1.6729835271835327,0.1632595956325531
706,1.6705266237258911,0.16679337620735168
707,1.667842149734497,0.16219556331634521
708,1.6669193506240845,0.15583273768424988
709,1.6668905019760132,0.15114769339561462
710,1.6670408248901367,0.14759179949760437
711,1.6672084331512451,0.14480924606323242
712,1.6673420667648315,0.14260029792785645
713,1.6674400568008423,0.1408427655696869
714,1.6675150394439697,0.139451801776886
715,1.667580008506775,0.13834580779075623
716,1.6676477193832397,0.13746041059494019
717,1.6677261590957642,0.13673830032348633
718,1.6678177118301392,0.13614177703857422
719,1.6679250001907349,0.13563179969787598
720,1.6680420637130737,0.13519403338432312
721,1.6681692600250244,0.13480333983898163
722,1.6682990789413452,0.13445371389389038
723,1.6684234142303467,0.13414311408996582
724,1.6685354709625244,0.13387155532836914
725,1.668622612953186,0.13365259766578674
726,1.6686781644821167,0.13349485397338867
727,1.668694257736206,0.13341271877288818
728,1.6686729192733765,0.13340622186660767
729,1.6686233282089233,0.13345971703529358
730,1.6685458421707153,0.13357239961624146
731,1.6684399843215942,0.13374364376068115
732,1.66830313205719,0.13397639989852905
733,1.6681421995162964,0.13425803184509277
734,1.6679707765579224,0.1345662772655487
735,1.6677906513214111,0.13489824533462524
736,1.6676082611083984,0.1352478265762329
737,1.6674318313598633,0.13560771942138672
738,1.6672672033309937,0.13597851991653442
739,1.6671215295791626,0.13636061549186707
740,1.6670019626617432,0.13676157593727112
741,1.6669179201126099,0.1371924877166748
742,1.6668825149536133,0.13767197728157043
743,1.666908860206604,0.13821429014205933
744,1.667016625404358,0.13885360956192017
745,1.6672241687774658,0.1396242380142212
746,1.6675511598587036,0.1405685395002365
747,1.6680253744125366,0.1417517066001892
748,1.668687105178833,0.14326708018779755
749,1.6695290803909302,0.14515802264213562
750,1.6704903841018677,0.14739617705345154
751,1.6714774370193481,0.14988048374652863
752,1.6723469495773315,0.1523982584476471
753,1.6730092763900757,0.1547333002090454
754,1.6734510660171509,0.15671563148498535
755,1.6737595796585083,0.15822303295135498
756,1.6741920709609985,0.15895074605941772
757,1.6755422353744507,0.15728285908699036
758,1.6802096366882324,0.1468706727027893
759,1.692146897315979,0.11729402095079422
760,1.709295392036438,0.08208774775266647
761,1.7263933420181274,0.05917473882436752
762,1.7396636009216309,0.04628477245569229
763,1.7480865716934204,0.03798731416463852
764,1.752411127090454,0.03177603334188461
