frame_idx,x_pred,y_pred,dx,dir_label
0,982.256805419922,560.6183929443359,-5.977960205078148,SOLA GIDIYOR
1,976.2788452148438,560.4709747314454,-10.394764404296893,SOLA GIDIYOR
2,965.884080810547,560.1026068115235,-14.285776123046958,SOLA GIDIYOR
3,951.5983046875,559.6307030029297,-17.268659960937384,SOLA GIDIYOR
4,934.3296447265626,558.9882263427735,-19.699577626952987,SOLA GIDIYOR
5,914.6300670996096,558.4642291455079,-21.331817863281344,SOLA GIDIYOR
6,893.2982492363283,557.968575699219,-22.3816225035157,SOLA GIDIYOR
7,870.9166267328126,557.4738901003908,-23.529528959843674,SOLA GIDIYOR
8,847.3870977729689,557.2531263625392,-24.314296996000053,SOLA GIDIYOR
9,823.0728007769688,557.0433244542892,-24.72609579992502,SOLA GIDIYOR
10,798.3467049770438,556.8634651054235,-24.83448992118997,SOLA GIDIYOR
11,773.5122150558539,556.557697133167,-25.00137489593635,SOLA GIDIYOR
12,748.5108401599175,556.2316160805572,-24.82867865210062,SOLA GIDIYOR
13,723.6821615078169,555.7444725519457,-24.67022136406331,SOLA GIDIYOR
14,699.0119401437536,555.0973266987831,-24.46052096332096,SOLA GIDIYOR
15,674.5514191804326,554.0438098453546,-24.19855898257083,SOLA GIDIYOR
16,650.3528601978618,552.3102767581197,-23.55372023293171,SOLA GIDIYOR
17,626.7991399649301,550.5894659133318,-22.964997670720322,SOLA GIDIYOR
18,603.8341422942098,548.5442289806655,-22.215418546732508,SOLA GIDIYOR
19,581.6187237474772,546.3398448544543,-21.861055540511074,SOLA GIDIYOR
20,559.7576682069662,544.1452370896181,-21.169749583776024,SOLA GIDIYOR
21,538.5879186231901,542.0841370593898,-20.224682113309882,SOLA GIDIYOR
22,518.3632365098803,540.1144989785666,-19.388531701390093,SOLA GIDIYOR
23,498.9747048084902,538.0598120734783,-18.49558793435415,SOLA GIDIYOR
24,480.479116874136,536.3192852056576,-17.60709656818659,SOLA GIDIYOR
25,462.87202030594943,534.7621023588621,-16.732512581697677,SOLA GIDIYOR
26,446.13950772425176,533.3622545189256,-15.65525902776045,SOLA GIDIYOR
27,430.4842486964913,531.9947352557656,-14.786051094278832,SOLA GIDIYOR
28,415.6981976022125,530.7935573696516,-13.741958856379881,SOLA GIDIYOR
29,401.9562387458326,529.6596353244322,-400.9256627551557,SOLA GIDIYOR
30,1.03057599067688,1.2816435098648071,-0.13185709714889549,DURAGAN
31,0.8987188935279846,1.4992595911026,-0.08964425325393677,DURAGAN
32,0.8090746402740479,1.679071068763733,-0.04932767152786255,DURAGAN
33,0.7597469687461853,1.7992607355117798,-0.08346545696258545,DURAGAN
34,0.6762815117835999,1.8346096277236936,-0.06119602918624878,DURAGAN
35,0.6150854825973511,1.7880396842956543,-0.02072930335998535,DURAGAN
36,0.5943561792373657,1.7244106531143188,0.0027794837951660156,DURAGAN
37,0.5971356630325317,1.6670957803726196,0.012607693672180176,DURAGAN
38,0.6097433567047119,1.6223561763763428,0.014776349067687988,DURAGAN
39,0.6245197057723999,1.592196702957153,0.004264414310455322,DURAGAN
40,0.6287841200828552,1.6619309186935425,-0.027940869331359863,DURAGAN
41,0.6008432507514954,1.827570080757141,-0.036548733711242676,DURAGAN
42,0.5642945170402527,1.9136184453964236,-0.030092597007751465,DURAGAN
43,0.5342019200325012,1.95613706111908,-0.020053744316101074,DURAGAN
44,0.5141481757164001,1.975307583808899,-0.011128544807434082,DURAGAN
45,0.5030196309089661,1.9818686246871948,-0.0044071972370147705,DURAGAN
46,0.4986124336719513,1.981706976890564,0.0005906820297241211,DURAGAN
47,0.4992031157016754,1.9778236150741575,0.0070788562297821045,DURAGAN
48,0.5062819719314575,1.9708071947097776,0.009037971496582031,DURAGAN
49,0.5153199434280396,1.965933084487915,0.0006057024002075195,DURAGAN
50,0.5159256458282471,1.976984977722168,-0.008788228034973145,DURAGAN
51,0.5071374177932739,2.02329158782959,0.0004385709762573242,DURAGAN
52,0.5075759887695312,2.0826971530914307,0.012269318103790283,DURAGAN
53,0.5198453068733215,2.1164472103118896,0.010128557682037354,DURAGAN
54,0.5299738645553589,2.1314938068389893,0.012483358383178711,DURAGAN
55,0.5424572229385376,2.133223056793213,0.012731492519378662,DURAGAN
56,0.5551887154579163,2.1300125122070312,-0.005444943904876709,DURAGAN
57,0.5497437715530396,2.1421384811401367,-0.009543955326080322,DURAGAN
58,0.5401998162269592,2.152395486831665,-0.0012721419334411621,DURAGAN
59,0.5389276742935181,2.1553359031677246,0.0036664605140686035,DURAGAN
60,0.5425941348075867,2.143040418624878,0.010636091232299805,DURAGAN
61,0.5532302260398865,2.1200995445251465,0.015910625457763672,DURAGAN
62,0.5691408514976501,2.0825765132904053,0.01735222339630127,DURAGAN
63,0.5864930748939514,2.039900302886963,0.01727461814880371,DURAGAN
64,0.6037676930427551,2.005914688110352,0.015464723110198975,DURAGAN
65,0.6192324161529541,1.9818037748336792,0.013007402420043945,DURAGAN
66,0.632239818572998,1.9653629064559937,0.01078265905380249,DURAGAN
67,0.6430224776268005,1.954940676689148,0.014358818531036377,DURAGAN
68,0.6573812961578369,1.9433082342147827,0.12720459699630737,DURAGAN
69,0.7845858931541443,1.781505107879639,0.13177406787872314,DURAGAN
70,0.9163599610328674,1.6206811666488647,0.08264183998107899,DURAGAN
71,0.9990018010139464,1.5109697580337524,0.05609208345413219,DURAGAN
72,1.0550938844680786,1.4250491857528689,0.04275989532470703,DURAGAN
73,1.0978537797927856,1.3275954723358154,0.05592250823974587,DURAGAN
74,1.1537762880325315,1.088680624961853,0.041022300720215066,DURAGAN
75,1.1947985887527466,0.93295556306839,0.022688865661621094,DURAGAN
76,1.2174874544143677,0.8363926410675049,0.014555931091308816,DURAGAN
77,1.2320433855056765,0.7628754377365112,0.018369436264037864,DURAGAN
78,1.2504128217697144,0.6951470971107483,0.11017775535583474,DURAGAN
79,1.360590577125549,0.449019581079483,0.15805721282959007,DURAGAN
80,1.5186477899551392,0.1452686190605163,0.1453486680984497,DURAGAN
81,1.6639964580535889,0.0016703531146049,0.07347166538238503,DURAGAN
82,1.737468123435974,-0.0546304360032081,0.05787575244903587,DURAGAN
83,1.7953438758850098,-0.0862805619835853,0.04739952087402299,DURAGAN
84,1.8427433967590328,-0.1108184084296226,0.003098130226135698,DURAGAN
85,1.8458415269851685,-0.110226459801197,-0.013942480087280495,DURAGAN
86,1.831899046897888,-0.0800189450383186,-0.019300222396850364,DURAGAN
87,1.8125988245010376,-0.0347702726721763,-0.016797542572021706,DURAGAN
88,1.795801281929016,0.0025345310568809,-0.012387990951537864,DURAGAN
89,1.783413290977478,0.0345533117651939,-0.007393598556518333,DURAGAN
90,1.7760196924209597,0.065006710588932,-0.00345122814178489,DURAGAN
91,1.7725684642791748,0.0931697413325309,-0.001953721046447754,DURAGAN
92,1.770614743232727,0.1151507049798965,-0.0020525455474853516,DURAGAN
93,1.7685621976852417,0.1301027238368988,-0.003328561782836914,DURAGAN
94,1.7652336359024048,0.1376678645610809,-0.005992412567138894,DURAGAN
95,1.759241223335266,0.1415917575359344,-0.015877366065978782,DURAGAN
96,1.743363857269287,0.147045761346817,-0.0314408540725708,DURAGAN
97,1.7119230031967163,0.1519690155982971,-0.02821338176727295,DURAGAN
98,1.6837096214294434,0.1472723484039306,-0.011789321899414062,DURAGAN
99,1.6719202995300293,0.1423699855804443,-0.003327965736389382,DURAGAN
100,1.66859233379364,0.1390502452850341,-0.00036120414733864514,DURAGAN
101,1.6682311296463013,0.1366893649101257,0.0007735490798950195,DURAGAN
102,1.6690046787261963,0.1342215836048126,0.002516627311706543,DURAGAN
103,1.6715213060379028,0.1281463205814361,0.01149892807006836,DURAGAN
104,1.6830202341079712,0.0985403805971145,0.030652284622192383,DURAGAN
105,1.7136725187301636,0.0129544362425804,0.030553460121154785,DURAGAN
106,1.7442259788513184,-0.076619803905487,0.02362227439880371,DURAGAN
107,1.767848253250122,-0.1474485397338867,0.017270922660827637,DURAGAN
108,1.7851191759109497,-0.1994809210300445,0.012418627738952637,DURAGAN
109,1.7975378036499023,-0.2364222705364227,0.008865714073181152,DURAGAN
110,1.8064035177230835,-0.2622525691986084,0.006245851516723633,DURAGAN
111,1.8126493692398071,-0.2805888950824737,0.004186034202575684,DURAGAN
112,1.8168354034423828,-0.2948271334171295,0.002331376075744851,DURAGAN
113,1.8191667795181277,-0.308166891336441,0.00035035610198907996,DURAGAN
114,1.8195171356201167,-0.3232162892818451,-0.0016959905624382987,DURAGAN
115,1.8178211450576784,-0.3403837978839874,-0.0028960704803469017,DURAGAN
116,1.8149250745773315,-0.3569377958774566,-0.0032095909118652344,DURAGAN
117,1.8117154836654663,-0.3713185489177704,-0.0029169321060182885,DURAGAN
118,1.808798551559448,-0.3829631507396698,-0.002318739891052024,DURAGAN
119,1.806479811668396,-0.3918822407722473,-0.0015673637390136719,DURAGAN
120,1.8049124479293823,-0.3981689512729645,-0.0006303787231447533,DURAGAN
121,1.8042820692062376,-0.4015950262546539,0.0005425214767460496,DURAGAN
122,1.8048245906829836,-0.4015780091285705,0.0019959211349482864,DURAGAN
123,1.806820511817932,-0.3970500230789184,0.003638267517090066,DURAGAN
124,1.810458779335022,-0.386391133069992,0.0043947696685791016,DURAGAN
125,1.814853549003601,-0.3708018660545349,0.0038144588470458984,DURAGAN
126,1.818668007850647,-0.3549339175224304,0.002824544906616211,DURAGAN
127,1.8214925527572632,-0.3415813744068146,0.0019390583038327858,DURAGAN
128,1.823431611061096,-0.3311258256435394,0.001180410385132058,DURAGAN
129,1.824612021446228,-0.3231481611728668,0.0004942417144775391,DURAGAN
130,1.8251062631607056,-0.316845953464508,-0.00025022029876708984,DURAGAN
131,1.8248560428619385,-0.3110383450984955,-0.0017963647842409447,DURAGAN
132,1.8230596780776975,-0.3020393550395965,-0.007922887802124023,DURAGAN
133,1.8151367902755735,-0.2735009491443634,-0.02312052249908425,DURAGAN
134,1.7920162677764893,-0.1980715990066528,-0.024743199348449707,DURAGAN
135,1.7672730684280396,-0.117926575243473,-0.021135568618774414,DURAGAN
136,1.7461374998092651,-0.0523263290524482,-0.018056869506835938,DURAGAN
137,1.7280806303024292,-0.0009472146630287,-0.015144586563110352,DURAGAN
138,1.7129360437393188,0.0385225340723991,-0.012364983558654785,DURAGAN
139,1.700571060180664,0.0684313103556633,-0.00981605052947998,DURAGAN
140,1.690755009651184,0.0908292159438133,-0.007561445236206055,DURAGAN
141,1.683193564414978,0.1074477061629295,-0.005603790283203125,DURAGAN
142,1.677589774131775,0.119722805917263,-0.003915548324584961,DURAGAN
143,1.67367422580719,0.1288509666919708,-0.0024336576461791992,DURAGAN
144,1.6712405681610107,0.1358704566955566,-0.0011550188064575195,DURAGAN
145,1.6700855493545532,0.1416176855564117,-0.00015425682067893298,DURAGAN
146,1.6699312925338743,0.1466569900512695,0.00044250488281272204,DURAGAN
147,1.670373797416687,0.15119269490242,0.000596165657043457,DURAGAN
148,1.6709699630737305,0.1551105827093124,0.0004870891571044922,DURAGAN
149,1.671457052230835,0.1582060754299163,0.0005056858062744141,DURAGAN
150,1.6719627380371094,0.1601887047290802,0.001701354980468528,DURAGAN
151,1.673664093017578,0.1587394475936889,0.008217811584472878,DURAGAN
152,1.6818819046020508,0.1396529376506805,0.018246054649353027,DURAGAN
153,1.7001279592514038,0.0992297232151031,0.01990354061126709,DURAGAN
154,1.720031499862671,0.0727953091263771,0.014865517616271973,DURAGAN
155,1.7348970174789429,0.0581132248044014,0.008476018905639426,DURAGAN
156,1.7433730363845823,0.047399453818798,0.003278374671936257,DURAGAN
157,1.7466514110565186,0.0384655222296714,-0.0003787279129030541,DURAGAN
158,1.7462726831436155,0.0308782085776329,-0.0020203590393064186,DURAGAN
159,1.744252324104309,0.0254976078867912,-0.0008401870727539062,DURAGAN
160,1.7434121370315552,0.0256540104746818,0.0011763572692873314,DURAGAN
161,1.7445884943008425,0.036062441766262,-0.000961899757385476,DURAGAN
162,1.743626594543457,0.0564984157681465,-0.0048247575759885475,DURAGAN
163,1.7388018369674685,0.0811008587479591,-0.007894396781921609,DURAGAN
164,1.7309074401855469,0.1027478799223899,-0.008802533149719238,DURAGAN
165,1.7221049070358276,0.1199240237474441,-0.008669257164001465,DURAGAN
166,1.7134356498718262,0.1335494220256805,-0.008672595024108887,DURAGAN
167,1.7047630548477173,0.145017072558403,-0.008100509643554688,DURAGAN
168,1.6966625452041626,0.1565558314323425,-0.008555173873901367,DURAGAN
169,1.6881073713302612,0.1751788258552551,-0.08925032615661621,DURAGAN
170,1.598857045173645,0.3337410092353821,-0.07218599319458008,DURAGAN
171,1.526671051979065,0.4689399003982544,-0.05112409591674805,DURAGAN
172,1.475546956062317,0.5660505294799805,-0.035935640335082786,DURAGAN
173,1.439611315727234,0.6359282732009888,-0.02553081512451194,DURAGAN
174,1.4140805006027222,0.6862637996673584,-0.021263360977173074,DURAGAN
175,1.392817139625549,0.7233510613441467,-0.028986811637878196,DURAGAN
176,1.363830327987671,0.751952052116394,-0.04205071926116921,DURAGAN
177,1.3217796087265017,0.7735936641693115,-0.036052107810974565,DURAGAN
178,1.2857275009155271,0.7923984527587891,-0.024147868156432883,DURAGAN
179,1.2615796327590942,0.8141824007034302,-0.01758730411529541,DURAGAN
180,1.2439923286437988,0.8409615755081177,-0.015713095664978027,DURAGAN
181,1.2282792329788208,0.8729782700538635,-0.0216829776763916,DURAGAN
182,1.2065962553024292,0.9195184707641602,-0.03667712211608887,DURAGAN
183,1.1699191331863403,0.9969173073768616,-0.05818033218383789,DURAGAN
184,1.1117388010025024,1.10524582862854,-0.10639357566833474,DURAGAN
185,1.0053452253341677,1.2495771646499634,-0.08643013238906894,DURAGAN
186,0.9189150929450988,1.413623929023743,-0.06355249881744374,DURAGAN
187,0.855362594127655,1.5608599185943604,-0.0844072699546814,DURAGAN
188,0.7709553241729736,1.6511073112487793,-0.050142884254455566,DURAGAN
189,0.7208124399185181,1.6919559240341189,-0.023796439170837402,DURAGAN
190,0.6970160007476807,1.695759892463684,-0.003579080104827881,DURAGAN
191,0.6934369206428528,1.6640232801437378,0.0038407444953918457,DURAGAN
192,0.6972776651382446,1.6231896877288818,0.005583345890045166,DURAGAN
193,0.7028610110282898,1.586689591407776,0.0029566287994384766,DURAGAN
194,0.7058176398277283,1.5804404020309448,-0.02145862579345703,DURAGAN
195,0.6843590140342712,1.734479904174805,-0.04056048393249512,DURAGAN
196,0.6437985301017761,1.8512924909591677,-0.03469038009643555,DURAGAN
197,0.6091081500053406,1.9097665548324585,-0.01825195550918579,DURAGAN
198,0.5908561944961548,1.9378012418746948,-0.0006719231605529785,DURAGAN
199,0.5901842713356018,1.949751853942871,0.008391857147216797,DURAGAN
200,0.5985761284828186,1.9550881385803225,0.007965505123138428,DURAGAN
201,0.606541633605957,1.9600050449371336,0.003508269786834717,DURAGAN
202,0.6100499033927917,1.9677780866622925,0.0005627870559692383,DURAGAN
203,0.610612690448761,1.9801493883132932,0.002224862575531006,DURAGAN
204,0.612837553024292,1.9996006488800049,-0.005167245864868164,DURAGAN
205,0.6076703071594238,2.0440170764923096,-0.022295475006103516,DURAGAN
206,0.5853748321533203,2.104749917984009,-0.02750343084335327,DURAGAN
207,0.557871401309967,2.1476564407348637,-0.014227986335754395,DURAGAN
208,0.5436434149742126,2.163893222808838,-0.0022854208946228027,DURAGAN
209,0.5413579940795898,2.163555383682251,0.003392159938812256,DURAGAN
210,0.5447501540184021,2.1509153842926025,0.006658315658569336,DURAGAN
211,0.5514084696769714,2.1320555210113525,0.0127793550491333,DURAGAN
212,0.5641878247261047,2.10412335395813,0.015160441398620605,DURAGAN
213,0.5793482661247253,2.0645523071289062,0.016032099723815918,DURAGAN
214,0.5953803658485413,2.0254480838775635,0.015686213970184326,DURAGAN
215,0.6110665798187256,1.9956694841384888,0.01419740915298462,DURAGAN
216,0.6252639889717102,1.974362134933472,0.022197723388671875,DURAGAN
217,0.6474617123603821,1.9515327215194704,0.0693519115447998,DURAGAN
218,0.7168136239051819,1.879173994064331,0.055425167083740234,DURAGAN
219,0.7722387909889221,1.819279432296753,0.06438285112380981,DURAGAN
220,0.8366216421127319,1.7473292350769043,0.10224401950836182,DURAGAN
221,0.9388656616210938,1.6101495027542114,0.06354391574859619,DURAGAN
222,1.00240957736969,1.5223548412322998,0.045137643814086914,DURAGAN
223,1.0475472211837769,1.433118462562561,0.06341922283172607,DURAGAN
224,1.110966444015503,1.1919081211090088,0.05506312847137451,DURAGAN
225,1.1660295724868774,1.0060535669326782,0.031803131103515625,DURAGAN
226,1.197832703590393,0.9020572304725648,0.014806509017944336,DURAGAN
227,1.2126392126083374,0.8400464653968811,0.007664442062377708,DURAGAN
228,1.220303654670715,0.7936632633209229,0.012821316719055398,DURAGAN
229,1.2331249713897705,0.736501932144165,0.11128675937652588,DURAGAN
230,1.3444117307662964,0.4738107919692993,0.13863778114318848,DURAGAN
231,1.4830495119094849,0.1632387936115265,0.136407732963562,DURAGAN
232,1.6194572448730469,0.0122009441256523,0.0855555534362793,DURAGAN
233,1.7050127983093262,-0.0516313686966896,0.04380989074707031,DURAGAN
234,1.7488226890563965,-0.07194434851408,0.0637274980545044,DURAGAN
235,1.8125501871109009,-0.0963025167584419,0.023435115814208762,DURAGAN
236,1.8359853029251096,-0.0969912186264991,0.00034451484680242395,DURAGAN
237,1.836329817771912,-0.0900577828288078,-0.009583711624146174,DURAGAN
238,1.826746106147766,-0.0785118415951728,-0.015389919281005415,DURAGAN
239,1.8113561868667605,-0.0450062677264213,-0.016559123992920144,DURAGAN
240,1.7947970628738403,-0.0052845701575279,-0.013528585433959961,DURAGAN
241,1.7812684774398804,0.0265643522143363,-0.009444236755371094,DURAGAN
242,1.7718242406845093,0.0534358397126197,-0.004912257194519043,DURAGAN
243,1.7669119834899902,0.0785101428627967,-0.0013594627380371094,DURAGAN
244,1.7655525207519531,0.1021317616105079,1.3947486877441406e-05,DURAGAN
245,1.7655664682388306,0.12085922062397,-0.0018000602722167969,DURAGAN
246,1.7637664079666138,0.134489506483078,-0.010011672973632812,DURAGAN
247,1.753754734992981,0.1453565061092376,-0.025544285774230957,DURAGAN
248,1.72821044921875,0.1550942361354828,-0.03111898899078369,DURAGAN
249,1.6970914602279663,0.1597278416156768,-0.020048499107360618,DURAGAN
250,1.6770429611206057,0.1553617119789123,-0.007831692695617898,DURAGAN
251,1.6692112684249878,0.1480336189270019,-0.0020284652709960938,DURAGAN
252,1.6671828031539917,0.1433526277542114,-0.00019693374633789062,DURAGAN
253,1.6669858694076538,0.1403085440397262,0.0003687143325805664,DURAGAN
254,1.6673545837402344,0.1382003128528595,0.0005105733871459961,DURAGAN
255,1.6678651571273804,0.1366064250469207,0.0005843639373779297,DURAGAN
256,1.6684495210647583,0.1351802349090576,0.0008516311645507812,DURAGAN
257,1.669301152229309,0.1332637965679168,0.0018842220306396484,DURAGAN
258,1.6711853742599487,0.12881401181221,0.005743741989135742,DURAGAN
259,1.6769291162490845,0.1143527999520301,0.01651287078857422,DURAGAN
260,1.6934419870376587,0.0703811272978782,0.027207612991333008,DURAGAN
261,1.7206496000289917,-0.0065588280558586,0.026882290840148926,DURAGAN
262,1.7475318908691406,-0.0858302488923072,0.02153623104095459,DURAGAN
263,1.7690681219100952,-0.15076944231987,0.016124367713928223,DURAGAN
264,1.7851924896240234,-0.1996714174747467,0.011783003807067871,DURAGAN
265,1.7969754934310913,-0.2349546253681183,0.008512496948241965,DURAGAN
266,1.8054879903793333,-0.259653240442276,0.006136417388916016,DURAGAN
267,1.8116244077682493,-0.2765726149082184,0.004423499107361062,DURAGAN
268,1.8160479068756104,-0.2879433333873749,0.0031882524490356445,DURAGAN
269,1.819236159324646,-0.2954404652118683,0.0022928714752195045,DURAGAN
270,1.8215290307998655,-0.3002663254737854,0.0016429424285888672,DURAGAN
271,1.8231719732284544,-0.3032794594764709,0.001164078712463601,DURAGAN
272,1.824336051940918,-0.305064707994461,0.0008031129837036133,DURAGAN
273,1.8251391649246216,-0.3060115873813629,0.0005230903625488281,DURAGAN
274,1.8256622552871704,-0.3063820600509643,0.00029659271240234375,DURAGAN
275,1.8259588479995728,-0.3063489198684692,9.942054748535156e-05,DURAGAN
276,1.826058268547058,-0.3060057461261749,-8.344650268532483e-05,DURAGAN
277,1.8259748220443728,-0.3053783476352691,-0.0002806186676027611,DURAGAN
278,1.82569420337677,-0.3043793439865112,-0.0005891323089599609,DURAGAN
279,1.82510507106781,-0.3025969266891479,-0.001220703125,DURAGAN
280,1.82388436794281,-0.2988253831863403,-0.0029627084732055664,DURAGAN
281,1.8209216594696045,-0.2890808582305908,-0.008351206779480203,DURAGAN
282,1.8125704526901243,-0.2610346972942352,-0.01844835281372048,DURAGAN
283,1.7941220998764038,-0.2008844316005706,-0.023402452468872292,DURAGAN
284,1.7707196474075315,-0.1265830397605896,-0.021286964416503684,DURAGAN
285,1.7494326829910278,-0.0613124743103981,-0.018386125564575195,DURAGAN
286,1.7310465574264526,-0.0088799521327018,-0.015494227409362793,DURAGAN
287,1.7155523300170898,0.0318318828940391,-0.012727141380310059,DURAGAN
288,1.7028251886367798,0.0628675445914268,-0.010186195373535156,DURAGAN
289,1.6926389932632446,0.0861928388476371,-0.007946968078613503,DURAGAN
290,1.6846920251846311,0.1034984961152076,-0.006037235260009544,DURAGAN
291,1.6786547899246216,0.116201139986515,-0.00443577766418457,DURAGAN
292,1.674219012260437,0.1254585832357406,-0.003094792366027832,DURAGAN
293,1.6711242198944092,0.1322217285633087,-0.0019698143005371094,DURAGAN
294,1.669154405593872,0.1372589170932769,-0.0009821653366088867,DURAGAN
295,1.6681722402572632,0.1412603259086609,-0.000118255615234375,DURAGAN
296,1.6680539846420288,0.1447819471359253,0.0005469322204589844,DURAGAN
297,1.6686009168624878,0.1481626033782959,0.0009367465972900391,DURAGAN
298,1.6695376634597778,0.1515033543109893,0.0009913444519040748,DURAGAN
299,1.670529007911682,0.1546476781368255,0.0008006095886232689,DURAGAN
300,1.6713296175003052,0.1573365032672882,0.0006073713302612305,DURAGAN
301,1.6719369888305664,0.1593495011329651,0.0008531808853147194,DURAGAN
302,1.6727901697158811,0.1600265502929687,0.0032025575637819603,DURAGAN
303,1.675992727279663,0.1544598340988159,0.011534333229064941,DURAGAN
304,1.687527060508728,0.1263394057750702,0.019142150878906472,DURAGAN
305,1.7066692113876345,0.0880652293562889,0.01862049102783181,DURAGAN
306,1.7252897024154663,0.0657653287053108,0.013208746910095215,DURAGAN
307,1.7384984493255615,0.0527322813868522,0.007365703582763672,DURAGAN
308,1.7458641529083252,0.0431435629725456,0.0027347803115844727,DURAGAN
309,1.7485989332199097,0.0351692959666252,-0.0005548000335693359,DURAGAN
310,1.7480441331863403,0.02841267734766,-0.00220489501953125,DURAGAN
311,1.745839238166809,0.0234725847840309,-0.001584768295288086,DURAGAN
312,1.744254469871521,0.0226593241095542,0.0005654096603393555,DURAGAN
313,1.7448198795318604,0.030264563858509,-0.0002645254135131836,DURAGAN
314,1.7445553541183472,0.0472803488373756,-0.0034580230712890625,DURAGAN
315,1.741097331047058,0.0707420781254768,-0.006766915321350098,DURAGAN
316,1.734330415725708,0.0936938598752021,-0.008394360542297363,DURAGAN
317,1.7259360551834106,0.1125863417983055,-0.008438110351562722,DURAGAN
318,1.717497944831848,0.1274079233407974,-0.008092641830444114,DURAGAN
319,1.7094053030014038,0.1392463147640228,-0.008037567138671875,DURAGAN
320,1.701367735862732,0.1494239866733551,-0.0071985721588134766,DURAGAN
321,1.6941691637039185,0.1604677438735962,-0.006845951080322266,DURAGAN
322,1.6873232126235962,0.183528333902359,-0.08395397663116455,DURAGAN
323,1.6033692359924316,0.3344678282737732,-0.07475244998931885,DURAGAN
324,1.5286167860031128,0.4670674800872803,-0.05176997184753418,DURAGAN
325,1.4768468141555786,0.5630970001220703,-0.037741661071777344,DURAGAN
326,1.4391051530838013,0.6330711841583252,-0.033951163291931374,DURAGAN
327,1.40515398979187,0.6839334964752197,-0.041441082954406516,DURAGAN
328,1.3637129068374634,0.7199701070785522,-0.039312124252319336,DURAGAN
329,1.324400782585144,0.7437683343887329,-0.02604198455810547,DURAGAN
330,1.2983587980270386,0.7618848085403442,-0.017027616500854492,DURAGAN
331,1.281331181526184,0.7791280150413513,-0.01346433162689209,DURAGAN
332,1.267866849899292,0.7973446846008301,-0.012197494506835938,DURAGAN
333,1.255669355392456,0.8174818754196167,-0.011463403701782227,DURAGAN
334,1.2442059516906738,0.8407240509986877,-0.010800361633300781,DURAGAN
335,1.233405590057373,0.8674732446670532,-0.011552691459655762,DURAGAN
336,1.2218528985977173,0.8985636234283447,-0.031084656715393066,DURAGAN
337,1.1907682418823242,0.9479233026504515,-0.08427965641021729,DURAGAN
338,1.106488585472107,1.0305593013763428,-0.05721902847290061,DURAGAN
339,1.0492695569992063,1.1193552017211914,-0.033617734909057395,DURAGAN
340,1.015651822090149,1.2097498178482056,-0.07239931821823131,DURAGAN
341,0.9432525038719176,1.2905339002609253,-0.0843973159790038,DURAGAN
342,0.8588551878929138,1.3917912244796753,-0.10559225082397461,DURAGAN
343,0.7532629370689392,1.6170661449432373,-0.04968917369842529,DURAGAN
344,0.7035737633705139,1.6928449869155884,-0.0037081241607666016,DURAGAN
345,0.6998656392097473,1.6705695390701294,0.016953468322753906,DURAGAN
346,0.7168191075325012,1.6280161142349243,0.021914005279541016,DURAGAN
347,0.7387331128120422,1.5929218530654907,0.01863229274749756,DURAGAN
348,0.7573654055595398,1.5724252462387085,0.005843758583068848,DURAGAN
349,0.7632091641426086,1.63544762134552,-0.024385809898376465,DURAGAN
350,0.7388233542442322,1.8113523721694944,-0.029965519905090332,DURAGAN
351,0.7088578343391418,1.8959134817123413,-0.022022485733032227,DURAGAN
352,0.6868353486061096,1.9331167936325075,-0.01221764087677002,DURAGAN
353,0.6746177077293396,1.947906255722046,-0.004319965839385986,DURAGAN
354,0.6702977418899536,1.9511693716049197,0.0037134289741516113,DURAGAN
355,0.6740111708641052,1.9450372457504272,0.011605322360992432,DURAGAN
356,0.6856164932250977,1.9305765628814695,0.014435946941375732,DURAGAN
357,0.7000524401664734,1.915722370147705,0.011132121086120605,DURAGAN
358,0.711184561252594,1.917386770248413,0.003630518913269043,DURAGAN
359,0.714815080165863,1.9478116035461424,-0.004289448261260986,DURAGAN
360,0.710525631904602,1.980718970298767,0.002106606960296631,DURAGAN
361,0.7126322388648987,1.9913862943649288,0.012113213539123535,DURAGAN
362,0.7247454524040222,1.9780558347702024,0.015895843505859375,DURAGAN
363,0.7406412959098816,1.945725440979004,0.01536250114440918,DURAGAN
364,0.7560037970542908,1.902971863746643,0.014757633209228516,DURAGAN
365,0.7707614302635193,1.864489316940308,0.013772368431091309,DURAGAN
366,0.7845337986946106,1.8352642059326167,0.011998474597930908,DURAGAN
367,0.7965322732925415,1.8139551877975464,0.010007977485656738,DURAGAN
368,0.8065402507781982,1.7988673448562622,0.00815349817276001,DURAGAN
369,0.8146937489509583,1.7888292074203491,0.006770491600036621,DURAGAN
370,0.8214642405509949,1.7828115224838257,0.015436947345733643,DURAGAN
371,0.8369011878967285,1.76606023311615,0.08987641334533691,DURAGAN
372,0.9267776012420654,1.6345468759536743,0.07698452472686768,DURAGAN
373,1.003762125968933,1.4772424697875977,0.07981133460998535,DURAGAN
374,1.0835734605789185,1.2129915952682495,0.06443715095520042,DURAGAN
375,1.1480106115341189,1.0407739877700806,0.0389745235443113,DURAGAN
376,1.1869851350784302,0.934403657913208,0.01872086524963379,DURAGAN
377,1.205706000328064,0.8710616230964661,0.0071065425872802734,DURAGAN
378,1.2128125429153442,0.8328655958175659,0.002277851104736328,DURAGAN
379,1.2150903940200806,0.8057010769844055,0.01380455493927002,DURAGAN
380,1.2288949489593506,0.7527422904968262,0.13936257362365723,DURAGAN
381,1.3682575225830078,0.4218122959136963,0.10790932178497314,DURAGAN
382,1.476166844367981,0.1464485824108123,0.12155866622924805,DURAGAN
383,1.597725510597229,0.0138158276677131,0.08227729797363281,DURAGAN
384,1.6800028085708618,-0.0484965220093727,0.03561139106750488,DURAGAN
385,1.7156141996383667,-0.0666330531239509,0.05662894248962402,DURAGAN
386,1.7722431421279907,-0.0850204601883888,0.038725852966308816,DURAGAN
387,1.8109689950942995,-0.087227739393711,0.01122319698333718,DURAGAN
388,1.8221921920776367,-0.0758969411253929,0.0013052225112912819,DURAGAN
389,1.823497414588928,-0.0652438327670097,-0.0043985843658445045,DURAGAN
390,1.8190988302230835,-0.0599753335118293,-0.008862018585205078,DURAGAN
391,1.8102368116378784,-0.0504408702254295,-0.013068437576293945,DURAGAN
392,1.7971683740615845,-0.0202077701687812,-0.013416528701782227,DURAGAN
393,1.7837518453598022,0.01346205919981,-0.010682463645935059,DURAGAN
394,1.7730693817138672,0.0402696207165718,-0.007298111915588379,DURAGAN
395,1.7657712697982788,0.0628798082470893,-0.003472566604614258,DURAGAN
396,1.7622987031936646,0.0836547240614891,-0.0015273094177246094,DURAGAN
397,1.76077139377594,0.1044197008013725,-0.005370378494262695,DURAGAN
398,1.7554010152816772,0.1245538815855979,-0.01785135269165039,DURAGAN
399,1.7375496625900269,0.1440396606922149,-0.028453230857849343,DURAGAN
400,1.7090964317321775,0.1586591601371765,-0.023171782493591087,DURAGAN
401,1.6859246492385864,0.1637472510337829,-0.011973023414611816,DURAGAN
402,1.6739516258239746,0.1627255380153656,-0.005964159965514915,DURAGAN
403,1.6679874658584597,0.1550607085227966,-0.0015163421630861595,DURAGAN
404,1.6664711236953735,0.1487366259098053,-7.283687591552734e-05,DURAGAN
405,1.666398286819458,0.1445471197366714,0.00031554698944091797,DURAGAN
406,1.666713833808899,0.141664832830429,0.00038504600524902344,DURAGAN
407,1.667098879814148,0.1395977735519409,0.0003597736358642578,DURAGAN
408,1.6674586534500122,0.1380496323108673,0.00033271312713623047,DURAGAN
409,1.6677913665771484,0.1368295848369598,0.0003319978713989258,DURAGAN
410,1.6681233644485474,0.13579922914505,0.0003745555877685547,DURAGAN
411,1.668497920036316,0.134813904762268,0.0004985332489013672,DURAGAN
412,1.6689964532852173,0.1336422860622406,0.0008302927017211914,DURAGAN
413,1.6698267459869385,0.1317335665225982,0.001587986946105957,DURAGAN
414,1.6714147329330444,0.1279429197311401,0.003327012062072754,DURAGAN
415,1.6747417449951172,0.1196607500314712,0.00680267810821511,DURAGAN
416,1.6815444231033323,0.1021300926804542,0.012118816375732644,DURAGAN
417,1.693663239479065,0.069831259548664,0.017411112785339355,DURAGAN
418,1.7110743522644043,0.0217003747820854,0.019470930099487305,DURAGAN
419,1.7305452823638916,-0.0339695140719413,0.01840770244598411,DURAGAN
420,1.7489529848098757,-0.0879532620310783,0.015671968460082786,DURAGAN
421,1.7646249532699585,-0.1346112191677093,0.012598037719726562,DURAGAN
422,1.777222990989685,-0.1722671389579773,0.009649991989135742,DURAGAN
423,1.7868729829788208,-0.2008395493030548,0.007060885429382324,DURAGAN
424,1.7939338684082031,-0.2211735248565673,0.004749178886413574,DURAGAN
425,1.7986830472946167,-0.2340082228183746,0.002666950225830078,DURAGAN
426,1.8013499975204468,-0.2400041818618774,0.0004737377166748047,DURAGAN
427,1.8018237352371216,-0.2387886643409729,-0.0023696422576904297,DURAGAN
428,1.7994540929794312,-0.2282960712909698,-0.006296873092651367,DURAGAN
429,1.7931572198867798,-0.2052909135818481,-0.011715173721313477,DURAGAN
430,1.7814420461654663,-0.1659585535526275,-0.015799283981323242,DURAGAN
431,1.765642762184143,-0.115576721727848,-0.017238259315490723,DURAGAN
432,1.7484045028686523,-0.0632617697119712,-0.016530513763427734,DURAGAN
433,1.7318739891052246,-0.0158571377396583,-0.014657139778137207,DURAGAN
434,1.7172168493270874,0.0236444100737571,-0.012352466583251953,DURAGAN
435,1.7048643827438354,0.0549258366227149,-0.010080337524414062,DURAGAN
436,1.6947840452194214,0.078995294868946,-0.008010149002075195,DURAGAN
437,1.6867738962173462,0.0971282348036766,-0.006229043006896973,DURAGAN
438,1.6805448532104492,0.1105743497610092,-0.004745364189147949,DURAGAN
439,1.6757994890213013,0.120407685637474,-0.0035365819931030273,DURAGAN
440,1.6722629070281982,0.1275113224983215,-0.002560853958129883,DURAGAN
441,1.6697020530700684,0.1325897574424743,-0.0017750263214111328,DURAGAN
442,1.6679270267486572,0.1362064778804779,-0.0011326074600219727,DURAGAN
443,1.6667944192886353,0.1388172805309295,-0.0005915164947507545,DURAGAN
444,1.6662029027938845,0.1407937854528427,-0.00012135505676291736,DURAGAN
445,1.6660815477371216,0.142439067363739,0.00032651424407958984,DURAGAN
446,1.6664080619812012,0.1440491676330566,0.0007522106170654297,DURAGAN
447,1.6671602725982666,0.1458708345890045,0.001088261604309082,DURAGAN
448,1.6682485342025757,0.1480289101600647,0.0012705326080322266,DURAGAN
449,1.669519066810608,0.1505103707313537,0.0012199878692626953,DURAGAN
450,1.6707390546798706,0.1531071066856384,0.0009938478469850853,DURAGAN
451,1.6717329025268557,0.1555522680282592,0.0007079839706418678,DURAGAN
452,1.6724408864974976,0.1575938761234283,0.0005881786346435547,DURAGAN
453,1.6730290651321411,0.1589882373809814,0.0011477470397949219,DURAGAN
454,1.674176812171936,0.1585552990436554,0.004409909248352051,DURAGAN
455,1.678586721420288,0.1494647413492202,0.01290702819824241,DURAGAN
456,1.6914937496185305,0.1178087517619133,0.0188174247741697,DURAGAN
457,1.7103111743927002,0.0818963572382927,0.01770341396331787,DURAGAN
458,1.728014588356018,0.0612029358744621,0.012493610382079856,DURAGAN
459,1.740508198738098,0.0490711256861686,0.00705230236053489,DURAGAN
460,1.7475605010986328,0.0403165742754936,0.0027490854263305664,DURAGAN
461,1.7503095865249634,0.0331604406237602,-0.0003983974456784889,DURAGAN
462,1.749911189079285,0.0270831808447837,-0.002212047576904519,DURAGAN
463,1.7476991415023804,0.0223683640360832,-0.002320528030395508,DURAGAN
464,1.7453786134719849,0.0203913375735282,-0.0005458593368530273,DURAGAN
465,1.7448327541351318,0.0244298949837684,0.00032901763916015625,DURAGAN
466,1.745161771774292,0.0370641723275184,-0.0018759965896608666,DURAGAN
467,1.7432857751846311,0.0573252364993095,-0.0050002336502072975,DURAGAN
468,1.7382855415344238,0.0808034464716911,-0.007529497146606445,DURAGAN
469,1.7307560443878174,0.101858414709568,-0.008311152458190918,DURAGAN
470,1.7224448919296265,0.1188153773546218,-0.008014440536499023,DURAGAN
471,1.7144304513931274,0.1320855915546417,-0.00759577751159668,DURAGAN
472,1.7068346738815308,0.1427454650402069,-0.007452845573425071,DURAGAN
473,1.6993818283081057,0.1522243767976761,-0.0056542158126833275,DURAGAN
474,1.6937276124954224,0.1672757863998413,-0.006589293479919434,DURAGAN
475,1.687138319015503,0.1902852952480316,-0.06988370418548584,DURAGAN
476,1.617254614830017,0.3121176064014435,-0.07990825176239014,DURAGAN
477,1.537346363067627,0.4499367773532867,-0.058457255363464355,DURAGAN
478,1.4788891077041626,0.549983561038971,-0.05356454849243164,DURAGAN
479,1.425324559211731,0.6238758563995361,-0.05248308181762695,DURAGAN
480,1.372841477394104,0.6761170625686646,-0.03921222686767578,DURAGAN
481,1.3336292505264282,0.7111927270889282,-0.024074673652648926,DURAGAN
482,1.3095545768737793,0.7357519865036011,-0.014802813529968262,DURAGAN
483,1.294751763343811,0.7545592784881592,-0.01059257984161377,DURAGAN
484,1.2841591835021973,0.7706151008605957,-0.00923299789428711,DURAGAN
485,1.2749261856079102,0.7859743237495422,-0.009202122688293457,DURAGAN
486,1.2657240629196167,0.8020405769348145,-0.009374380111694336,DURAGAN
487,1.2563496828079224,0.8196402192115784,-0.009158134460449219,DURAGAN
488,1.2471915483474731,0.8394128084182739,-0.008765697479248047,DURAGAN
489,1.238425850868225,0.8621193766593933,-0.01761317253112793,DURAGAN
490,1.2208126783370972,0.8926784992218018,-0.06760680675506592,DURAGAN
491,1.1532058715820312,0.945288062095642,-0.045211195945739746,DURAGAN
492,1.1079946756362915,0.991539716720581,-0.021103978157043457,DURAGAN
493,1.086890697479248,1.039137840270996,-0.036078691482543945,DURAGAN
494,1.050812005996704,1.0840343236923218,-0.08109313249588013,DURAGAN
495,0.969718873500824,1.1232715845108032,-0.09994357824325562,DURAGAN
496,0.8697752952575684,1.318038821220398,-0.12076687812805176,DURAGAN
497,0.7490084171295166,1.618119478225708,-0.0372655987739563,DURAGAN
498,0.7117428183555603,1.6847652196884155,0.005068600177764893,DURAGAN
499,0.7168114185333252,1.6539578437805176,0.02171790599822998,DURAGAN
500,0.7385293245315552,1.610285401344299,0.024157702922821045,DURAGAN
501,0.7626870274543762,1.5762040615081787,0.020685136318206787,DURAGAN
502,0.783372163772583,1.5532318353652954,0.015420734882354736,DURAGAN
503,0.7987928986549377,1.5427676439285278,-0.00019049644470214844,DURAGAN
504,0.7986024022102356,1.6376466751098633,-0.01977074146270752,DURAGAN
505,0.7788316607475281,1.7908915281295776,-0.017428696155548096,DURAGAN
506,0.76140296459198,1.8496522903442385,-0.010954439640045166,DURAGAN
507,0.7504485249519348,1.868054747581482,-0.0046215057373046875,DURAGAN
508,0.7458270192146301,1.8704572916030884,0.00014787912368774414,DURAGAN
509,0.7459748983383179,1.86673367023468,0.0020633339881896973,DURAGAN
510,0.7480382323265076,1.85804545879364,0.003159165382385254,DURAGAN
511,0.7511973977088928,1.853347420692444,0.004548132419586182,DURAGAN
512,0.755745530128479,1.867489218711853,0.0005448460578918457,DURAGAN
513,0.7562903761863708,1.900466799736023,-0.0019279718399047852,DURAGAN
514,0.7543624043464661,1.920313000679016,0.0034855008125305176,DURAGAN
515,0.7578479051589966,1.909076452255249,0.009744226932525635,DURAGAN
516,0.7675921320915222,1.8787235021591189,0.012765944004058838,DURAGAN
517,0.780358076095581,1.8472293615341189,0.012470245361328125,DURAGAN
518,0.7928283214569092,1.8221187591552732,0.010718286037445068,DURAGAN
519,0.8035466074943542,1.803932905197144,0.008740484714508057,DURAGAN
520,0.8122870922088623,1.791487455368042,0.006969451904296875,DURAGAN
521,0.8192565441131592,1.7836652994155884,0.006013095378875732,DURAGAN
522,0.8252696394920349,1.77858304977417,0.025036215782165527,DURAGAN
523,0.8503058552742004,1.7295721769332886,0.11952376365661632,DURAGAN
524,0.9698296189308168,1.4284645318984983,0.10115784406661954,DURAGAN
525,1.0709874629974363,1.2051156759262085,0.0672874450683596,DURAGAN
526,1.138274908065796,1.0596507787704468,0.04186701774597168,DURAGAN
527,1.1801419258117676,0.958031415939331,0.021503448486328125,DURAGAN
528,1.2016453742980957,0.8919901251792908,0.008713841438293457,DURAGAN
529,1.2103592157363892,0.8507430553436279,0.0021860599517822266,DURAGAN
530,1.2125452756881714,0.8243231773376465,0.002444148063659668,DURAGAN
531,1.214989423751831,0.7990028858184814,0.08044731616973877,DURAGAN
532,1.2954367399215698,0.605406641960144,0.1361229419708252,DURAGAN
533,1.431559681892395,0.262653112411499,0.07856667041778587,DURAGAN
534,1.5101263523101809,0.0898745581507682,0.11388289928436279,DURAGAN
535,1.6240092515945437,-0.008446492254734,0.05732870101928689,DURAGAN
536,1.6813379526138306,-0.0533845201134681,0.025624990463256836,DURAGAN
537,1.7069629430770874,-0.0647739544510841,0.0578228235244751,DURAGAN
538,1.7647857666015625,-0.0815554037690162,0.03440296649932861,DURAGAN
539,1.7991887331008911,-0.0790376439690589,0.011995077133178489,DURAGAN
540,1.8111838102340696,-0.0663386359810829,0.0038927793502807617,DURAGAN
541,1.8150765895843504,-0.0543350204825401,-0.00035762786865189966,DURAGAN
542,1.8147189617156985,-0.0474831387400627,-0.003973364830017756,DURAGAN
543,1.8107455968856807,-0.0462636277079582,-0.007520914077758345,DURAGAN
544,1.8032246828079224,-0.038284458220005,-0.011375665664672852,DURAGAN
545,1.7918490171432495,-0.0105636939406394,-0.011782407760620117,DURAGAN
546,1.7800666093826294,0.0199874863028526,-0.009373188018798828,DURAGAN
547,1.7706934213638306,0.0442819371819496,-0.006704807281494141,DURAGAN
548,1.7639886140823364,0.0647055283188819,-0.0053255558013916016,DURAGAN
549,1.7586630582809448,0.0847297683358192,-0.008649349212646484,DURAGAN
550,1.7500137090682983,0.1069683209061622,-0.019617557525634766,DURAGAN
551,1.7303961515426636,0.1312679946422577,-0.026195526123046875,DURAGAN
552,1.7042006254196167,0.1511190235614776,-0.018968582153320312,DURAGAN
553,1.6852320432662964,0.1620032787322998,-0.00995814800262429,DURAGAN
554,1.675273895263672,0.1656710803508758,-0.005534291267395242,DURAGAN
555,1.6697396039962769,0.163367360830307,-0.0028895139694211647,DURAGAN
556,1.6668500900268557,0.1555874943733215,-0.00042998790740989,DURAGAN
557,1.6664201021194458,0.1499982476234436,0.000148773193359375,DURAGAN
558,1.6665688753128052,0.1460701823234558,0.0002827644348144531,DURAGAN
559,1.6668516397476196,0.1432109922170639,0.00027239322662353516,DURAGAN
560,1.6671240329742432,0.1410669088363647,0.00022661685943603516,DURAGAN
561,1.6673506498336792,0.1394245624542236,0.0001900196075439453,DURAGAN
562,1.6675406694412231,0.138150155544281,0.00017333030700683594,DURAGAN
563,1.66771399974823,0.1371307671070099,0.0001773834228515625,DURAGAN
564,1.6678913831710815,0.1362861692905426,0.00019693374633789062,DURAGAN
565,1.6680883169174194,0.135552167892456,0.00022804737091064453,DURAGAN
566,1.66831636428833,0.1348723918199539,0.00027549266815185547,DURAGAN
567,1.668591856956482,0.1341801583766937,0.00034236907958984375,DURAGAN
568,1.6689342260360718,0.1333951652050018,0.00045299530029296875,DURAGAN
569,1.6693872213363647,0.132383644580841,0.0006182193756103516,DURAGAN
570,1.670005440711975,0.1309795826673507,0.0008248090744018555,DURAGAN
571,1.670830249786377,0.1290426552295684,0.0010710954666137695,DURAGAN
572,1.6719013452529907,0.1264481097459793,0.0012998580932617188,DURAGAN
573,1.6732012033462524,0.1232199147343635,0.0014344453811645508,DURAGAN
574,1.674635648727417,0.1195862665772438,0.0014220476150514916,DURAGAN
575,1.6760576963424685,0.1159297302365303,0.0011942386627195045,DURAGAN
576,1.677251935005188,0.1128187403082847,0.0007250308990478516,DURAGAN
577,1.6779769659042358,0.110893614590168,0.00018966197967529297,DURAGAN
578,1.6781666278839111,0.1103438958525657,-0.00037038326263427734,DURAGAN
579,1.6777962446212769,0.1112303361296653,-0.0008615255355834961,DURAGAN
580,1.6769347190856934,0.1133615747094154,-0.0011736154556274414,DURAGAN
581,1.675761103630066,0.1162649914622306,-0.001333475112915039,DURAGAN
582,1.6744276285171509,0.1195312216877937,-0.0013587474822998047,DURAGAN
583,1.673068881034851,0.1228031441569328,-0.0012587308883666992,DURAGAN
584,1.6718101501464844,0.1257724463939666,-0.001107335090637207,DURAGAN
585,1.6707028150558472,0.128322958946228,-0.000948786735534668,DURAGAN
586,1.6697540283203125,0.1304506659507751,-0.0007951259613037109,DURAGAN
587,1.6689589023590088,0.1321913301944732,-0.0006552934646608666,DURAGAN
588,1.668303608894348,0.133605420589447,-0.0005309581756589576,DURAGAN
589,1.667772650718689,0.1347590982913971,-0.00041925907135009766,DURAGAN
590,1.6673533916473389,0.135716050863266,-0.00031554698944091797,DURAGAN
591,1.667037844657898,0.1365378201007843,-0.00021255016326904297,DURAGAN
592,1.666825294494629,0.1372725069522857,-0.00010311603546120374,DURAGAN
593,1.6667221784591677,0.137985497713089,1.6331672668234987e-05,DURAGAN
594,1.666738510131836,0.1387231796979904,0.00015485286712646484,DURAGAN
595,1.6668933629989624,0.1395531892776489,0.00031304359436035156,DURAGAN
596,1.6672064065933228,0.1405423879623413,0.0004984140396118164,DURAGAN
597,1.6677048206329346,0.1417796611785888,0.000868678092956543,DURAGAN
598,1.6685734987258911,0.1435688436031341,0.0010225772857663795,DURAGAN
599,1.6695960760116575,0.1457669734954834,0.0010881423950197533,DURAGAN
600,1.6706842184066772,0.1482896208763122,0.0011020898818969727,DURAGAN
601,1.6717863082885742,0.151059865951538,0.000851750373840332,DURAGAN
602,1.6726380586624146,0.1537013351917266,0.0005695819854736328,DURAGAN
603,1.6732076406478882,0.1559877693653106,0.00041162967681884766,DURAGAN
604,1.673619270324707,0.1577492654323578,0.0005396604537963867,DURAGAN
605,1.6741589307785034,0.1585680544376373,0.0016616582870483398,DURAGAN
606,1.6758205890655518,0.1563547551631927,0.00757753849029541,DURAGAN
607,1.6833981275558472,0.1382988095283508,0.014772057533263938,DURAGAN
608,1.698170185089111,0.1031753718852996,0.017887949943542703,DURAGAN
609,1.7160581350326538,0.0719655826687812,0.016453146934509277,DURAGAN
610,1.732511281967163,0.0548297837376594,0.011018872261047363,DURAGAN
611,1.7435301542282104,0.0441157147288322,0.0062983036041259766,DURAGAN
612,1.7498284578323364,0.0365166291594505,0.002189040184020996,DURAGAN
613,1.7520174980163574,0.0303043499588966,-0.00033223628997802734,DURAGAN
614,1.7516852617263794,0.0250945761799812,-0.002532958984375,DURAGAN
615,1.7491523027420044,0.0208335742354393,-0.002714395523071289,DURAGAN
616,1.746437907218933,0.0190067216753959,-0.0008683204650878906,DURAGAN
617,1.7455695867538452,0.0229497477412223,-0.00026214122772216797,DURAGAN
618,1.745307445526123,0.0334337130188941,-0.0012412071228027344,DURAGAN
619,1.7440662384033203,0.0521986111998558,-0.004321932792663574,DURAGAN
620,1.7397443056106567,0.0755629912018776,-0.007137775421142578,DURAGAN
621,1.7326065301895142,0.0974199995398521,-0.008266091346740723,DURAGAN
622,1.7243404388427734,0.1152779981493949,-0.008081316947937012,DURAGAN
623,1.7162591218948364,0.1292617917060852,-0.007549643516540527,DURAGAN
624,1.708709478378296,0.1403122544288635,-0.007244706153869407,DURAGAN
625,1.7014647722244265,0.1497842967510223,-0.0059452056884767845,DURAGAN
626,1.6955195665359497,0.1636371910572052,-0.005379199981689231,DURAGAN
627,1.6901403665542605,0.1830710470676422,-0.01855289936065696,DURAGAN
628,1.6715874671936035,0.217347651720047,-0.09252393245697021,DURAGAN
629,1.5790635347366333,0.3713355660438537,-0.07742762565612793,DURAGAN
630,1.5016359090805054,0.4918181598186493,-0.06839156150817849,DURAGAN
631,1.4332443475723269,0.5809417366981506,-0.05645263195037864,DURAGAN
632,1.3767917156219482,0.6444888710975647,-0.0383681058883667,DURAGAN
633,1.3384236097335815,0.6884580850601196,-0.023004889488220437,DURAGAN
634,1.315418720245361,0.7192562818527222,-0.014498829841613547,DURAGAN
635,1.3009198904037476,0.7413131594657898,-0.009731173515320046,DURAGAN
636,1.2911887168884275,0.7579853534698486,-0.007396817207336204,DURAGAN
637,1.2837918996810913,0.7717646360397339,-0.006711006164551003,DURAGAN
638,1.2770808935165403,0.7844899892807007,-0.006720542907714622,DURAGAN
639,1.2703603506088257,0.7973672151565552,-0.006871461868286133,DURAGAN
640,1.2634888887405396,0.8110388517379761,-0.006945610046386719,DURAGAN
641,1.2565432786941528,0.8259490728378296,-0.0076274871826171875,DURAGAN
642,1.2489157915115356,0.8428744077682495,-0.035939931869506836,DURAGAN
643,1.2129758596420288,0.8760899305343628,-0.06420564651489258,DURAGAN
644,1.1487702131271362,0.9182947874069214,-0.029087543487548828,DURAGAN
645,1.1196826696395874,0.9500804543495178,-0.008930683135986328,DURAGAN
646,1.110751986503601,0.9783406257629396,-0.02780199050903298,DURAGAN
647,1.082949995994568,0.9929425716400146,-0.06675791740417503,DURAGAN
648,1.016192078590393,0.9901781678199768,-0.07381284236907948,DURAGAN
649,0.9423792362213136,1.1100387573242188,-0.1368108391761781,DURAGAN
650,0.8055683970451355,1.4753758907318115,-0.05098682641983032,DURAGAN
651,0.7545815706253052,1.6113346815109253,-0.0002956986427307129,DURAGAN
652,0.7542858719825745,1.6028796434402466,0.02000594139099121,DURAGAN
653,0.7742918133735657,1.560078740119934,0.02515435218811035,DURAGAN
654,0.799446165561676,1.520437240600586,0.02214038372039795,DURAGAN
655,0.821586549282074,1.491770625114441,0.016405820846557617,DURAGAN
656,0.8379923701286316,1.472609043121338,0.011064469814300537,DURAGAN
657,0.8490568399429321,1.4590100049972534,0.007027864456176758,DURAGAN
658,0.8560847043991089,1.4483567476272583,0.005183994770050049,DURAGAN
659,0.8612686991691589,1.4394526481628418,0.005168020725250244,DURAGAN
660,0.8664367198944092,1.431353211402893,0.006032407283782959,DURAGAN
661,0.8724691271781921,1.4232550859451294,0.007389366626739502,DURAGAN
662,0.8798584938049316,1.4145768880844116,0.008669912815093994,DURAGAN
663,0.8885284066200256,1.4056838750839231,0.009137213230133057,DURAGAN
664,0.8976656198501587,1.398735523223877,0.007518172264099121,DURAGAN
665,0.9051837921142578,1.3987287282943726,0.004438340663909801,DURAGAN
666,0.9096221327781676,1.4049344062805176,0.002189040184021218,DURAGAN
667,0.9118111729621888,1.4082409143447876,0.002399325370788352,DURAGAN
668,0.9142104983329772,1.4037069082260132,0.003975272178650013,DURAGAN
669,0.9181857705116272,1.39423668384552,0.005033910274505615,DURAGAN
670,0.9232196807861328,1.3842746019363403,0.005379796028137207,DURAGAN
671,0.92859947681427,1.37623393535614,0.00547713041305542,DURAGAN
672,0.9340766072273254,1.37040913105011,0.008938252925872803,DURAGAN
673,0.9430148601531982,1.3612302541732788,0.07172548770904541,DURAGAN
674,1.0147403478622437,1.2603729963302612,0.08977866172790527,DURAGAN
675,1.104519009590149,1.1258976459503174,0.05137002468109131,DURAGAN
676,1.1558890342712402,1.0310299396514893,0.028302550315856934,DURAGAN
677,1.1841915845870972,0.9574050903320312,0.016122102737426758,DURAGAN
678,1.200313687324524,0.9006754159927368,0.00721096992492698,DURAGAN
679,1.207524657249451,0.861218273639679,0.001902937889098899,DURAGAN
680,1.2094275951385498,0.8345916271209717,0.0041800737380981445,DURAGAN
681,1.213607668876648,0.8060292601585388,0.09928083419799805,DURAGAN
682,1.312888503074646,0.5738049745559692,0.1221921443939209,DURAGAN
683,1.435080647468567,0.2617120444774627,0.05844712257385254,DURAGAN
684,1.4935277700424194,0.1098477765917778,0.1083993911743164,DURAGAN
685,1.6019271612167358,0.016375295817852,0.05825614929199219,DURAGAN
686,1.660183310508728,-0.0363635942339897,0.019989609718322754,DURAGAN
687,1.6801729202270508,-0.053313709795475,0.03578519821166992,DURAGAN
688,1.7159581184387207,-0.0646407976746559,0.051123738288879395,DURAGAN
689,1.7670818567276,-0.0720823183655738,0.020851612091064453,DURAGAN
690,1.7879334688186646,-0.061827577650547,0.009823918342590332,DURAGAN
691,1.7977573871612549,-0.0488293394446373,0.005321145057678223,DURAGAN
692,1.803078532218933,-0.0383242592215538,0.0027527809143068627,DURAGAN
693,1.80583131313324,-0.0325419232249259,0.00023102760314874793,DURAGAN
694,1.8060623407363887,-0.0327844396233558,-0.0028617382049556106,DURAGAN
695,1.803200602531433,-0.0357012525200843,-0.006376504898071289,DURAGAN
696,1.7968240976333618,-0.0267378464341163,-0.00980842113494873,DURAGAN
697,1.787015676498413,-0.0004895254969596,-0.010155439376831055,DURAGAN
698,1.776860237121582,0.0264529809355735,-0.009435296058654785,DURAGAN
699,1.7674249410629272,0.0490000173449516,-0.011124372482299805,DURAGAN
700,1.7563005685806274,0.069993071258068,-0.018629312515258567,DURAGAN
701,1.7376712560653689,0.0932276770472526,-0.026447176933288796,DURAGAN
702,1.71122407913208,0.1185491383075714,-0.022053122520446777,DURAGAN
703,1.6891709566116333,0.1399933397769928,-0.011537313461303711,DURAGAN
704,1.6776336431503296,0.1546030044555664,-0.004650115966796875,DURAGAN
705,1.6729835271835327,0.1632595956325531,-0.0024569034576416016,DURAGAN
706,1.6705266237258911,0.1667933762073516,-0.002684473991394043,DURAGAN
707,1.667842149734497,0.1621955633163452,-0.0009227991104125977,DURAGAN
708,1.6669193506240845,0.1558327376842498,-2.8848648071289062e-05,DURAGAN
709,1.6668905019760132,0.1511476933956146,0.00015032291412353516,DURAGAN
710,1.6670408248901367,0.1475917994976043,0.00016760826110839844,DURAGAN
711,1.6672084331512451,0.1448092460632324,0.00013363361358642578,DURAGAN
712,1.6673420667648315,0.1426002979278564,9.799003601096423e-05,DURAGAN
713,1.6674400568008425,0.1408427655696869,7.498264312699732e-05,DURAGAN
714,1.6675150394439695,0.139451801776886,6.496906280539783e-05,DURAGAN
715,1.667580008506775,0.1383458077907562,6.77108764646217e-05,DURAGAN
716,1.6676477193832395,0.1374604105949401,7.843971252463611e-05,DURAGAN
717,1.6677261590957642,0.1367383003234863,9.1552734375e-05,DURAGAN
718,1.6678177118301392,0.1361417770385742,0.00010728836059570312,DURAGAN
719,1.6679250001907349,0.1356317996978759,0.00011706352233864514,DURAGAN
720,1.6680420637130735,0.1351940333843231,0.00012719631195090564,DURAGAN
721,1.6681692600250244,0.1348033398389816,0.00012993812561035156,DURAGAN
722,1.6682991981506348,0.1344537436962127,0.00012433528900146484,DURAGAN
723,1.6684235334396362,0.1341430246829986,0.0001119375228881836,DURAGAN
724,1.6685354709625244,0.1338714659214019,8.726119995117188e-05,DURAGAN
725,1.6686227321624756,0.1336524784564972,5.5670738220214844e-05,DURAGAN
726,1.6686784029006958,0.1334946751594543,2.1696090698242188e-05,DURAGAN
727,1.668700098991394,0.133402407169342,-1.8835067749023438e-05,DURAGAN
728,1.668681263923645,0.1333906054496765,-4.887580871582031e-05,DURAGAN
729,1.6686323881149292,0.1334421038627624,-7.772445678710938e-05,DURAGAN
730,1.668554663658142,0.1335550546646118,-0.00010657310485839844,DURAGAN
731,1.6684480905532837,0.1337278485298156,-0.00013828277587890625,DURAGAN
732,1.6683098077774048,0.1339630186557769,-0.00016236305236816406,DURAGAN
733,1.6681474447250366,0.1342470943927765,-0.00017261505126953125,DURAGAN
734,1.667974829673767,0.1345576643943786,-0.0001811981201171875,DURAGAN
735,1.66779363155365,0.1348917484283447,-0.00018310546875,DURAGAN
736,1.6676105260849,0.135243147611618,-0.00017714500427246094,DURAGAN
737,1.6674333810806274,0.1356044113636016,-0.0001652240753173828,DURAGAN
738,1.66726815700531,0.1359761953353881,-0.0001461505889892578,DURAGAN
739,1.6671220064163208,0.13635915517807,-0.00011992454528808594,DURAGAN
740,1.6670020818710327,0.1367607712745666,-8.416175842262952e-05,DURAGAN
741,1.66691792011261,0.1371921598911285,-3.564357757590564e-05,DURAGAN
742,1.6668822765350342,0.1376718580722808,2.6345252990722656e-05,DURAGAN
743,1.666908621788025,0.1382142901420593,0.00010764598846435547,DURAGAN
744,1.6670162677764893,0.1388537287712097,0.00020754337310791016,DURAGAN
745,1.6672238111495972,0.1396243870258331,0.0003268718719482422,DURAGAN
746,1.6675506830215454,0.1405687183141708,0.0004744529724121094,DURAGAN
747,1.6680251359939575,0.1417517960071563,0.0006616115570068359,DURAGAN
748,1.6686867475509644,0.1432671248912811,0.0008418560028076172,DURAGAN
749,1.669528603553772,0.1451580226421356,0.0009615421295166016,DURAGAN
750,1.6704901456832886,0.1473961770534515,0.0009870529174804688,DURAGAN
751,1.671477198600769,0.149880439043045,0.0008695125579833984,DURAGAN
752,1.6723467111587524,0.1523982137441635,0.0006623268127441406,DURAGAN
753,1.6730090379714966,0.1547333300113678,0.0004417896270751953,DURAGAN
754,1.6734508275985718,0.1567156314849853,0.00030863285064697266,DURAGAN
755,1.6737594604492188,0.1582231223583221,0.0004323720932006836,DURAGAN
756,1.6741918325424194,0.1589508056640625,0.0013502836227416992,DURAGAN
757,1.6755421161651611,0.1572830379009246,0.0046672821044919655,DURAGAN
758,1.680209398269653,0.1468710601329803,0.011937260627746804,DURAGAN
759,1.6921466588974,0.1172945126891136,0.01714837551116921,DURAGAN
760,1.7092950344085691,0.0820881500840187,0.017098069190979226,DURAGAN
761,1.7263931035995483,0.0591750368475914,0.013270378112792969,DURAGAN
762,1.7396634817123413,0.046284981071949,0.0084228515625,DURAGAN
763,1.7480863332748413,0.0379874780774116,0.004324793815612793,DURAGAN
764,1.752411127090454,0.0317761078476905,,DURAGAN
