frame,t,x1,y1,x2,y2,cx,cy,conf,cls,width,height,fps,time_mode
0,0.0,207.814208984375,220.87777709960938,259.0782775878906,274.3449401855469,233.4462432861328,247.61135864257812,0.6217208504676819,0,898,506,30.0,cfr
1,0.03333333333333333,208.3968963623047,221.40200805664062,259.4828796386719,274.78851318359375,233.93988800048828,248.0952606201172,0.718885064125061,0,898,506,30.0,cfr
2,0.06666666666666667,209.6981964111328,223.12905883789062,260.105712890625,275.3702392578125,234.9019546508789,249.24964904785156,0.6717606782913208,0,898,506,30.0,cfr
3,0.1,210.50799560546875,226.13816833496094,263.5148010253906,279.1054382324219,237.0113983154297,252.6218032836914,0.8207910656929016,0,898,506,30.0,cfr
4,0.13333333333333333,212.47605895996094,229.72750854492188,263.8465881347656,280.82904052734375,238.16132354736328,255.2782745361328,0.7065393328666687,0,898,506,30.0,cfr
5,0.16666666666666666,215.2945098876953,234.7346649169922,268.82763671875,288.3992919921875,242.06107330322266,261.56697845458984,0.5942749977111816,0,898,506,30.0,cfr
6,0.2,221.46572875976562,241.9971160888672,273.9261474609375,293.8586120605469,247.69593811035156,267.92786407470703,0.7138683795928955,0,898,506,30.0,cfr
7,0.23333333333333334,226.55201721191406,250.65272521972656,280.0542907714844,302.5494384765625,253.30315399169922,276.60108184814453,0.6254815459251404,0,898,506,30.0,cfr
8,0.26666666666666666,235.8805694580078,260.8645324707031,288.0498962402344,313.88031005859375,261.9652328491211,287.37242126464844,0.8251115679740906,0,898,506,30.0,cfr
9,0.3,247.70956420898438,272.6636657714844,299.0578308105469,324.7618713378906,273.3836975097656,298.7127685546875,0.8261516690254211,0,898,506,30.0,cfr
10,0.3333333333333333,263.26666259765625,287.9744873046875,315.836181640625,339.9090270996094,289.5514221191406,313.94175720214844,0.8474226593971252,0,898,506,30.0,cfr
11,0.36666666666666664,282.3851013183594,302.6345520019531,335.44171142578125,356.3736267089844,308.9134063720703,329.50408935546875,0.895612895488739,0,898,506,30.0,cfr
12,0.4,310.3735656738281,317.26953125,360.0076599121094,370.51568603515625,335.19061279296875,343.8926086425781,0.9272971153259277,0,898,506,30.0,cfr
13,0.43333333333333335,342.3835144042969,333.11883544921875,393.6358947753906,384.5396728515625,368.00970458984375,358.8292541503906,0.8937504887580872,0,898,506,30.0,cfr
14,0.4666666666666667,380.7715148925781,342.8095703125,432.25274658203125,393.2586975097656,406.5121307373047,368.0341339111328,0.9150264859199524,0,898,506,30.0,cfr
15,0.5,423.5978088378906,345.8206481933594,476.2653503417969,407.1658935546875,449.93157958984375,376.49327087402344,0.9175405502319336,0,898,506,30.0,cfr
16,0.5333333333333333,467.06402587890625,343.82763671875,517.3473510742188,394.0687255859375,492.2056884765625,368.94818115234375,0.8948091864585876,0,898,506,30.0,cfr
17,0.5666666666666667,505.7033996582031,332.9842224121094,555.9009399414062,383.9515686035156,530.8021697998047,358.4678955078125,0.8773760199546814,0,898,506,30.0,cfr
18,0.6,537.8001708984375,318.0247497558594,589.5855102539062,370.2401123046875,563.6928405761719,344.13243103027344,0.9458122253417969,0,898,506,30.0,cfr
19,0.6333333333333333,563.3441772460938,303.94488525390625,616.9279174804688,357.81549072265625,590.1360473632812,330.88018798828125,0.6145166158676147,0,898,506,30.0,cfr
20,0.6666666666666666,584.3662719726562,288.2032775878906,634.7597045898438,341.05511474609375,609.56298828125,314.6291961669922,0.8098562955856323,0,898,506,30.0,cfr
21,0.7,599.287841796875,273.7504577636719,650.9189453125,325.9818420410156,625.1033935546875,299.86614990234375,0.7129127383232117,0,898,506,30.0,cfr
22,0.7333333333333333,610.522705078125,260.6545715332031,662.52294921875,313.498779296875,636.5228271484375,287.07667541503906,0.8316736221313477,0,898,506,30.0,cfr
23,0.7666666666666667,619.553955078125,251.17877197265625,671.30419921875,302.4832763671875,645.4290771484375,276.8310241699219,0.8740599155426025,0,898,506,30.0,cfr
24,0.8,625.3944702148438,242.36788940429688,679.087646484375,292.7766418457031,652.2410583496094,267.572265625,0.83432936668396,0,898,506,30.0,cfr
25,0.8333333333333334,631.3417358398438,235.21435546875,682.6640625,287.6146545410156,657.0028991699219,261.4145050048828,0.6422901153564453,0,898,506,30.0,cfr
26,0.8666666666666667,635.1178588867188,230.85362243652344,685.6322631835938,280.0608825683594,660.3750610351562,255.4572525024414,0.8780058026313782,0,898,506,30.0,cfr
27,0.9,636.4578857421875,224.73007202148438,689.435302734375,278.6763000488281,662.9465942382812,251.70318603515625,0.8871516585350037,0,898,506,30.0,cfr
28,0.9333333333333333,637.9033813476562,223.64422607421875,690.7643432617188,274.38653564453125,664.3338623046875,249.015380859375,0.8346302509307861,0,898,506,30.0,cfr
29,0.9666666666666667,639.1099853515625,221.58038330078125,690.7056884765625,273.401123046875,664.9078369140625,247.49075317382812,0.8536771535873413,0,898,506,30.0,cfr
30,1.0,639.6641845703125,221.3168487548828,690.806640625,273.0693359375,665.2354125976562,247.1930923461914,0.8423064947128296,0,898,506,30.0,cfr
31,1.0333333333333334,639.1011962890625,221.60302734375,690.7125854492188,273.4178466796875,664.9068908691406,247.51043701171875,0.8576599359512329,0,898,506,30.0,cfr
32,1.0666666666666667,637.9751586914062,223.59268188476562,690.7529907226562,274.40142822265625,664.3640747070312,248.99705505371094,0.8348405361175537,0,898,506,30.0,cfr
33,1.1,636.4442138671875,224.74383544921875,689.428955078125,278.6374816894531,662.9365844726562,251.69065856933594,0.8883152604103088,0,898,506,30.0,cfr
34,1.1333333333333333,635.2359619140625,230.89918518066406,685.4873046875,280.1084899902344,660.3616333007812,255.50383758544922,0.8938929438591003,0,898,506,30.0,cfr
35,1.1666666666666667,631.204833984375,234.98074340820312,682.7767944335938,287.5290832519531,656.9908142089844,261.2549133300781,0.623952329158783,0,898,506,30.0,cfr
36,1.2,625.4689331054688,242.36920166015625,678.6198120117188,292.88616943359375,652.0443725585938,267.627685546875,0.8654705286026001,0,898,506,30.0,cfr
37,1.2333333333333334,619.509765625,250.71176147460938,672.005126953125,302.7231140136719,645.7574462890625,276.7174377441406,0.9025097489356995,0,898,506,30.0,cfr
38,1.2666666666666666,611.825927734375,260.477783203125,662.655517578125,313.4007263183594,637.24072265625,286.9392547607422,0.6954523324966431,0,898,506,30.0,cfr
39,1.3,598.8589477539062,274.1330871582031,651.1839599609375,325.3832702636719,625.0214538574219,299.7581787109375,0.8023586273193359,0,898,506,30.0,cfr
40,1.3333333333333333,584.1060791015625,288.1770324707031,634.8253173828125,339.8408203125,609.4656982421875,314.00892639160156,0.8462976217269897,0,898,506,30.0,cfr
41,1.3666666666666667,562.5211791992188,303.7820129394531,616.5824584960938,355.1938171386719,589.5518188476562,329.4879150390625,0.6484242081642151,0,898,506,30.0,cfr
42,1.4,537.8121337890625,318.3572692871094,589.434814453125,370.0133972167969,563.6234741210938,344.1853332519531,0.9400053024291992,0,898,506,30.0,cfr
43,1.4333333333333333,505.7868957519531,333.11968994140625,555.8574829101562,384.0778503417969,530.8221893310547,358.59877014160156,0.8873408436775208,0,898,506,30.0,cfr
44,1.4666666666666666,467.3162536621094,343.35626220703125,517.5550537109375,393.9636535644531,492.43565368652344,368.6599578857422,0.9061508178710938,0,898,506,30.0,cfr
45,1.5,423.4969177246094,345.3016662597656,476.3746337890625,408.9706726074219,449.93577575683594,377.13616943359375,0.9319466352462769,0,898,506,30.0,cfr
46,1.5333333333333334,380.81268310546875,342.7676086425781,432.3730773925781,393.7572021484375,406.59288024902344,368.2624053955078,0.8925067186355591,0,898,506,30.0,cfr
47,1.5666666666666667,342.61773681640625,332.8013916015625,393.5926513671875,384.5355529785156,368.1051940917969,358.66847229003906,0.8975091576576233,0,898,506,30.0,cfr
48,1.6,309.7648620605469,317.48052978515625,360.2035217285156,370.35540771484375,334.98419189453125,343.91796875,0.9220045208930969,0,898,506,30.0,cfr
49,1.6333333333333333,282.25054931640625,302.7451477050781,335.77557373046875,356.7055969238281,309.0130615234375,329.7253723144531,0.9047077894210815,0,898,506,30.0,cfr
50,1.6666666666666667,263.60357666015625,288.034423828125,315.7649841308594,339.7492370605469,289.6842803955078,313.89183044433594,0.8934451937675476,0,898,506,30.0,cfr
51,1.7,247.71734619140625,273.3673400878906,298.4589538574219,324.6477966308594,273.08815002441406,299.007568359375,0.8450720906257629,0,898,506,30.0,cfr
52,1.7333333333333334,235.99180603027344,260.70574951171875,288.4019470214844,314.0629577636719,262.1968765258789,287.3843536376953,0.8331494927406311,0,898,506,30.0,cfr
53,1.7666666666666666,226.84584045410156,251.0730438232422,278.9489440917969,302.95013427734375,252.89739227294922,277.01158905029297,0.7973394989967346,0,898,506,30.0,cfr
54,1.8,221.50277709960938,241.80007934570312,273.2696533203125,293.757080078125,247.38621520996094,267.77857971191406,0.6219392418861389,0,898,506,30.0,cfr
55,1.8333333333333333,215.34893798828125,234.67662048339844,269.0605163574219,287.6145324707031,242.20472717285156,261.1455764770508,0.6573232412338257,0,898,506,30.0,cfr
56,1.8666666666666667,212.52114868164062,230.35784912109375,263.8596496582031,280.7215270996094,238.19039916992188,255.53968811035156,0.6761053204536438,0,898,506,30.0,cfr
57,1.9,210.1863555908203,226.4492950439453,262.95306396484375,279.1102294921875,236.56970977783203,252.7797622680664,0.8516292572021484,0,898,506,30.0,cfr
58,1.9333333333333333,209.85861206054688,223.24301147460938,259.87481689453125,275.0592041015625,234.86671447753906,249.15110778808594,0.6443691253662109,0,898,506,30.0,cfr
59,1.9666666666666666,208.57798767089844,221.64141845703125,259.5037841796875,274.0765380859375,234.04088592529297,247.85897827148438,0.5716565847396851,0,898,506,30.0,cfr
60,2.0,207.84597778320312,221.07281494140625,259.1925354003906,273.5913391113281,233.51925659179688,247.3320770263672,0.5465021133422852,0,898,506,30.0,cfr
61,2.033333333333333,207.95050048828125,221.59371948242188,259.58282470703125,274.1405944824219,233.76666259765625,247.86715698242188,0.6298792958259583,0,898,506,30.0,cfr
62,2.066666666666667,209.865966796875,223.18568420410156,259.8750915527344,275.077880859375,234.8705291748047,249.13178253173828,0.6504632234573364,0,898,506,30.0,cfr
63,2.1,210.3871307373047,226.36959838867188,262.7563171386719,279.0543518066406,236.57172393798828,252.71197509765625,0.8254159092903137,0,898,506,30.0,cfr
64,2.1333333333333333,212.5130615234375,230.4989013671875,263.72393798828125,280.6966857910156,238.11849975585938,255.59779357910156,0.5499639511108398,0,898,506,30.0,cfr
65,2.1666666666666665,215.31015014648438,234.711669921875,268.9993591308594,287.5518493652344,242.15475463867188,261.1317596435547,0.6263082027435303,0,898,506,30.0,cfr
66,2.2,221.3276824951172,242.1898651123047,273.4326477050781,293.6350402832031,247.38016510009766,267.9124526977539,0.6793586611747742,0,898,506,30.0,cfr
67,2.2333333333333334,226.80406188964844,250.60557556152344,278.3133239746094,303.01123046875,252.5586929321289,276.8084030151367,0.8216321468353271,0,898,506,30.0,cfr
68,2.2666666666666666,235.8911590576172,261.1087341308594,287.7550964355469,313.9872131347656,261.82312774658203,287.5479736328125,0.8087204098701477,0,898,506,30.0,cfr
69,2.3,247.39215087890625,273.11724853515625,298.96966552734375,324.6002197265625,273.180908203125,298.8587341308594,0.8246607780456543,0,898,506,30.0,cfr
70,2.3333333333333335,263.0351867675781,287.9730529785156,315.43280029296875,339.9345703125,289.23399353027344,313.9538116455078,0.866840660572052,0,898,506,30.0,cfr
71,2.3666666666666667,282.30657958984375,302.7361755371094,335.70196533203125,355.9726867675781,309.0042724609375,329.35443115234375,0.8643592000007629,0,898,506,30.0,cfr
72,2.4,309.7088928222656,317.1026611328125,360.6454772949219,369.9482421875,335.17718505859375,343.52545166015625,0.8843926787376404,0,898,506,30.0,cfr
73,2.433333333333333,342.50323486328125,332.6180419921875,393.6004638671875,384.1831359863281,368.0518493652344,358.4005889892578,0.8773781657218933,0,898,506,30.0,cfr
74,2.466666666666667,380.6509704589844,343.57275390625,432.4721984863281,392.9410400390625,406.56158447265625,368.25689697265625,0.9070946574211121,0,898,506,30.0,cfr
75,2.5,423.67083740234375,345.71710205078125,476.3570251464844,406.2364501953125,450.01393127441406,375.9767761230469,0.8997820019721985,0,898,506,30.0,cfr
76,2.533333333333333,467.56854248046875,343.04974365234375,517.27294921875,393.6294860839844,492.4207458496094,368.33961486816406,0.9274047613143921,0,898,506,30.0,cfr
77,2.566666666666667,505.49786376953125,332.8661804199219,555.8949584960938,384.1554260253906,530.6964111328125,358.51080322265625,0.8712959885597229,0,898,506,30.0,cfr
78,2.6,537.6531982421875,318.5357360839844,589.6600952148438,370.1529235839844,563.6566467285156,344.3443298339844,0.9379686117172241,0,898,506,30.0,cfr
79,2.6333333333333333,562.9066772460938,304.5072937011719,616.3980712890625,355.98712158203125,589.6523742675781,330.24720764160156,0.659517765045166,0,898,506,30.0,cfr
80,2.6666666666666665,584.5073852539062,288.2962951660156,634.6255493164062,340.7000732421875,609.5664672851562,314.49818420410156,0.8638767600059509,0,898,506,30.0,cfr
81,2.7,599.3138427734375,273.60101318359375,651.1351318359375,325.83905029296875,625.2244873046875,299.72003173828125,0.7528919577598572,0,898,506,30.0,cfr
82,2.7333333333333334,611.6724853515625,260.4324645996094,662.4434204101562,313.4054870605469,637.0579528808594,286.9189758300781,0.7718291878700256,0,898,506,30.0,cfr
83,2.7666666666666666,619.5960083007812,251.2683868408203,671.7926635742188,302.4673767089844,645.6943359375,276.86788177490234,0.8787832260131836,0,898,506,30.0,cfr
84,2.8,625.3203125,242.4382781982422,679.0542602539062,293.0849609375,652.1872863769531,267.7616195678711,0.8373685479164124,0,898,506,30.0,cfr
85,2.8333333333333335,631.6847534179688,235.1956787109375,682.8369750976562,287.5735778808594,657.2608642578125,261.38462829589844,0.6223482489585876,0,898,506,30.0,cfr
86,2.8666666666666667,634.9559326171875,230.6175537109375,685.48828125,280.0656433105469,660.2221069335938,255.3415985107422,0.8991760015487671,0,898,506,30.0,cfr
87,2.9,636.3297729492188,224.60585021972656,689.2787475585938,278.5183410644531,662.8042602539062,251.56209564208984,0.8981207013130188,0,898,506,30.0,cfr
88,2.933333333333333,637.9818115234375,223.68115234375,690.638916015625,274.10064697265625,664.3103637695312,248.89089965820312,0.8253414034843445,0,898,506,30.0,cfr
89,2.966666666666667,639.4073486328125,221.51895141601562,690.7899169921875,273.4076843261719,665.0986328125,247.46331787109375,0.8134425282478333,0,898,506,30.0,cfr
90,3.0,639.7273559570312,221.39576721191406,690.7025146484375,272.88531494140625,665.2149353027344,247.14054107666016,0.7769740223884583,0,898,506,30.0,cfr
91,3.033333333333333,639.402099609375,221.51596069335938,690.806396484375,273.60833740234375,665.104248046875,247.56214904785156,0.808743953704834,0,898,506,30.0,cfr
92,3.066666666666667,638.0628051757812,223.78468322753906,690.6768188476562,274.5430908203125,664.3698120117188,249.16388702392578,0.8418890833854675,0,898,506,30.0,cfr
93,3.1,636.4480590820312,224.64515686035156,689.0364379882812,278.5126953125,662.7422485351562,251.57892608642578,0.8975666761398315,0,898,506,30.0,cfr
94,3.1333333333333333,635.0703735351562,230.7344512939453,685.6734619140625,280.0640869140625,660.3719177246094,255.3992691040039,0.9063148498535156,0,898,506,30.0,cfr
95,3.1666666666666665,631.0357055664062,235.26162719726562,682.7276000976562,287.7763366699219,656.8816528320312,261.51898193359375,0.6628880500793457,0,898,506,30.0,cfr
96,3.2,625.4012451171875,242.2287139892578,678.8505249023438,292.9647216796875,652.1258850097656,267.59671783447266,0.8524526357650757,0,898,506,30.0,cfr
97,3.2333333333333334,619.5199584960938,250.6465606689453,671.5422973632812,302.6122741699219,645.5311279296875,276.6294174194336,0.8667133450508118,0,898,506,30.0,cfr
98,3.2666666666666666,610.9332275390625,260.645751953125,662.6715698242188,313.131103515625,636.8023986816406,286.888427734375,0.6954404711723328,0,898,506,30.0,cfr
99,3.3,598.7882080078125,273.2882995605469,650.6741943359375,325.9560241699219,624.731201171875,299.6221618652344,0.8017184734344482,0,898,506,30.0,cfr
100,3.3333333333333335,584.0223999023438,287.322509765625,634.8173828125,339.0250549316406,609.4198913574219,313.1737823486328,0.8509931564331055,0,898,506,30.0,cfr
101,3.3666666666666667,563.1729736328125,304.0226745605469,616.5054321289062,356.5677795410156,589.8392028808594,330.29522705078125,0.6640357375144958,0,898,506,30.0,cfr
102,3.4,537.762451171875,317.6463317871094,589.528076171875,370.351318359375,563.645263671875,343.9988250732422,0.9323243498802185,0,898,506,30.0,cfr
103,3.433333333333333,505.7514953613281,333.17657470703125,555.8063354492188,384.0573425292969,530.7789154052734,358.61695861816406,0.8971407413482666,0,898,506,30.0,cfr
104,3.466666666666667,467.3402099609375,343.41253662109375,517.4739990234375,394.69134521484375,492.4071044921875,369.05194091796875,0.9130107164382935,0,898,506,30.0,cfr
105,3.5,423.6593933105469,345.6205749511719,475.9303283691406,408.3150329589844,449.79486083984375,376.9678039550781,0.9324608445167542,0,898,506,30.0,cfr
106,3.533333333333333,380.8354797363281,343.13641357421875,432.1983947753906,393.71160888671875,406.5169372558594,368.42401123046875,0.8998572826385498,0,898,506,30.0,cfr
107,3.566666666666667,342.4883728027344,332.79119873046875,393.5501708984375,384.9100646972656,368.01927185058594,358.8506317138672,0.9027280211448669,0,898,506,30.0,cfr
108,3.6,309.7310485839844,317.1239013671875,360.88983154296875,370.01068115234375,335.31044006347656,343.5672912597656,0.8990775942802429,0,898,506,30.0,cfr
109,3.6333333333333333,282.1253967285156,302.69744873046875,335.41314697265625,356.6912536621094,308.76927185058594,329.69435119628906,0.8712852597236633,0,898,506,30.0,cfr
110,3.6666666666666665,263.64703369140625,287.7903137207031,315.89923095703125,340.313232421875,289.77313232421875,314.05177307128906,0.8695295453071594,0,898,506,30.0,cfr
111,3.7,247.61239624023438,273.31549072265625,298.5296325683594,324.7667541503906,273.0710144042969,299.04112243652344,0.8662890791893005,0,898,506,30.0,cfr
112,3.7333333333333334,235.91259765625,260.8517761230469,287.85125732421875,314.0005798339844,261.8819274902344,287.4261779785156,0.797397255897522,0,898,506,30.0,cfr
113,3.7666666666666666,226.79168701171875,250.98573303222656,278.8842468261719,303.0184326171875,252.8379669189453,277.00208282470703,0.793293297290802,0,898,506,30.0,cfr
114,3.8,221.435302734375,242.13040161132812,274.1087951660156,293.8576965332031,247.7720489501953,267.9940490722656,0.7013988494873047,0,898,506,30.0,cfr
115,3.8333333333333335,215.1538543701172,234.8036651611328,268.7649841308594,288.3572082519531,241.95941925048828,261.58043670654297,0.6799763441085815,0,898,506,30.0,cfr
116,3.8666666666666667,212.615234375,231.0720977783203,263.869873046875,280.8834533691406,238.2425537109375,255.97777557373047,0.7688133120536804,0,898,506,30.0,cfr
117,3.9,210.16635131835938,226.4839324951172,262.75665283203125,279.1455993652344,236.4615020751953,252.81476593017578,0.8764923214912415,0,898,506,30.0,cfr
118,3.933333333333333,209.75762939453125,223.09278869628906,260.0438232421875,275.5341796875,234.90072631835938,249.31348419189453,0.6810612678527832,0,898,506,30.0,cfr
119,3.966666666666667,208.5051727294922,221.54147338867188,259.51287841796875,274.30914306640625,234.00902557373047,247.92530822753906,0.7097498774528503,0,898,506,30.0,cfr
120,4.0,207.9130401611328,220.98304748535156,259.0457458496094,273.70489501953125,233.4793930053711,247.3439712524414,0.549132764339447,0,898,506,30.0,cfr
121,4.033333333333333,208.3699951171875,221.6561737060547,259.54876708984375,274.18389892578125,233.95938110351562,247.92003631591797,0.712224543094635,0,898,506,30.0,cfr
122,4.066666666666666,209.75357055664062,223.06056213378906,260.0493469238281,275.5494689941406,234.90145874023438,249.30501556396484,0.683381974697113,0,898,506,30.0,cfr
123,4.1,210.1645965576172,226.05841064453125,262.9837951660156,279.0858154296875,236.5741958618164,252.57211303710938,0.85798579454422,0,898,506,30.0,cfr
124,4.133333333333334,212.24598693847656,230.47207641601562,263.7099609375,280.90472412109375,237.97797393798828,255.6884002685547,0.7292220592498779,0,898,506,30.0,cfr
125,4.166666666666667,215.21075439453125,234.6665802001953,268.58599853515625,287.7806396484375,241.89837646484375,261.2236099243164,0.6548775434494019,0,898,506,30.0,cfr
126,4.2,221.33119201660156,242.04421997070312,273.2984924316406,293.72381591796875,247.3148422241211,267.88401794433594,0.7837220430374146,0,898,506,30.0,cfr
127,4.233333333333333,226.91705322265625,251.23495483398438,278.70770263671875,303.0332946777344,252.8123779296875,277.1341247558594,0.7390535473823547,0,898,506,30.0,cfr
128,4.266666666666667,235.8634796142578,261.01806640625,287.8113098144531,314.0364685058594,261.83739471435547,287.5272674560547,0.8028098940849304,0,898,506,30.0,cfr
129,4.3,247.6320343017578,273.0048828125,298.8344421386719,324.6002197265625,273.23323822021484,298.80255126953125,0.8462768197059631,0,898,506,30.0,cfr
130,4.333333333333333,263.47442626953125,287.94757080078125,315.6205139160156,340.17138671875,289.54747009277344,314.0594787597656,0.8240566253662109,0,898,506,30.0,cfr
131,4.366666666666666,282.5152893066406,302.4775390625,335.16912841796875,356.511962890625,308.8422088623047,329.4947509765625,0.8800479173660278,0,898,506,30.0,cfr
132,4.4,309.6181335449219,317.8644714355469,359.9889221191406,370.2380065917969,334.80352783203125,344.0512390136719,0.9370591640472412,0,898,506,30.0,cfr
133,4.433333333333334,342.5661315917969,332.511962890625,393.60174560546875,384.206787109375,368.0839385986328,358.359375,0.8947161436080933,0,898,506,30.0,cfr
134,4.466666666666667,380.8949890136719,342.9010925292969,432.2717590332031,393.4284973144531,406.5833740234375,368.164794921875,0.9098005890846252,0,898,506,30.0,cfr
135,4.5,423.6882019042969,345.7366638183594,476.0563659667969,406.5234680175781,449.8722839355469,376.13006591796875,0.9214922189712524,0,898,506,30.0,cfr
136,4.533333333333333,467.460205078125,343.47308349609375,517.3434448242188,394.37933349609375,492.4018249511719,368.92620849609375,0.9100708365440369,0,898,506,30.0,cfr
137,4.566666666666666,505.7181396484375,333.23583984375,555.9235229492188,384.0569152832031,530.8208312988281,358.64637756347656,0.9096580147743225,0,898,506,30.0,cfr
138,4.6,538.2130737304688,318.4342041015625,589.6650390625,369.8775939941406,563.9390563964844,344.15589904785156,0.9394634366035461,0,898,506,30.0,cfr
139,4.633333333333334,563.580322265625,304.22113037109375,616.9522094726562,356.9421081542969,590.2662658691406,330.5816192626953,0.6581020355224609,0,898,506,30.0,cfr
140,4.666666666666667,584.3164672851562,288.2442626953125,634.801025390625,340.84356689453125,609.5587463378906,314.5439147949219,0.8608117699623108,0,898,506,30.0,cfr
141,4.7,599.281005859375,273.75616455078125,651.052978515625,325.9642028808594,625.1669921875,299.8601837158203,0.7498555779457092,0,898,506,30.0,cfr
142,4.733333333333333,611.4612426757812,260.5526123046875,662.4947509765625,313.53326416015625,636.9779968261719,287.0429382324219,0.7916156649589539,0,898,506,30.0,cfr
143,4.766666666666667,619.5580444335938,250.9542236328125,671.47314453125,302.5582580566406,645.5155944824219,276.75624084472656,0.8748277425765991,0,898,506,30.0,cfr
144,4.8,625.4816284179688,242.5045623779297,678.751708984375,292.9151306152344,652.1166687011719,267.70984649658203,0.8746296763420105,0,898,506,30.0,cfr
145,4.833333333333333,631.2951049804688,235.19287109375,682.9130249023438,287.5078430175781,657.1040649414062,261.35035705566406,0.6425935626029968,0,898,506,30.0,cfr
146,4.866666666666666,635.3270874023438,230.87940979003906,685.489013671875,279.90948486328125,660.4080505371094,255.39444732666016,0.9108002781867981,0,898,506,30.0,cfr
147,4.9,636.3529663085938,224.61434936523438,689.2747802734375,278.4764709472656,662.8138732910156,251.54541015625,0.9071639776229858,0,898,506,30.0,cfr
148,4.933333333333334,637.771240234375,223.37109375,690.6181640625,274.0140075683594,664.1947021484375,248.6925506591797,0.8191255927085876,0,898,506,30.0,cfr
149,4.966666666666667,639.13720703125,221.79319763183594,690.7019653320312,273.1169128417969,664.9195861816406,247.4550552368164,0.8398916721343994,0,898,506,30.0,cfr
150,5.0,639.447265625,221.2055206298828,690.7965087890625,273.01251220703125,665.1218872070312,247.10901641845703,0.8202614784240723,0,898,506,30.0,cfr
151,5.033333333333333,639.1331176757812,221.73374938964844,690.7094116210938,273.0262451171875,664.9212646484375,247.37999725341797,0.8321771621704102,0,898,506,30.0,cfr
152,5.066666666666666,637.991455078125,223.57838439941406,690.6790161132812,274.23834228515625,664.3352355957031,248.90836334228516,0.7971623539924622,0,898,506,30.0,cfr
153,5.1,636.4479370117188,224.3921356201172,689.0872802734375,278.4936218261719,662.7676086425781,251.44287872314453,0.8999254107475281,0,898,506,30.0,cfr
154,5.133333333333334,635.0496826171875,230.82955932617188,685.618896484375,280.2741394042969,660.3342895507812,255.55184936523438,0.9085015058517456,0,898,506,30.0,cfr
155,5.166666666666667,631.486328125,235.2064971923828,683.2756958007812,287.1031799316406,657.3810119628906,261.1548385620117,0.5474489331245422,0,898,506,30.0,cfr
156,5.2,625.4579467773438,242.22108459472656,678.8695068359375,293.13653564453125,652.1637268066406,267.6788101196289,0.837651252746582,0,898,506,30.0,cfr
157,5.233333333333333,619.6328125,250.62376403808594,671.6439819335938,302.35113525390625,645.6383972167969,276.4874496459961,0.8866199254989624,0,898,506,30.0,cfr
158,5.266666666666667,611.1114501953125,260.36151123046875,662.7064208984375,313.11962890625,636.908935546875,286.7405700683594,0.7828074097633362,0,898,506,30.0,cfr
159,5.3,598.9149780273438,273.8684387207031,651.0568237304688,325.7484436035156,624.9859008789062,299.8084411621094,0.8061797022819519,0,898,506,30.0,cfr
160,5.333333333333333,584.575927734375,288.24542236328125,634.8768920898438,340.3006286621094,609.7264099121094,314.2730255126953,0.8642852902412415,0,898,506,30.0,cfr
161,5.366666666666666,563.136962890625,304.1250305175781,617.138427734375,355.1604309082031,590.1376953125,329.6427307128906,0.6509559750556946,0,898,506,30.0,cfr
162,5.4,537.706787109375,318.5148620605469,589.4876098632812,370.2056579589844,563.5971984863281,344.3602600097656,0.9459758996963501,0,898,506,30.0,cfr
163,5.433333333333334,505.8130798339844,333.1091003417969,555.920654296875,384.0965576171875,530.8668670654297,358.6028289794922,0.9100031852722168,0,898,506,30.0,cfr
164,5.466666666666667,467.4762268066406,343.646240234375,517.4771118164062,394.72900390625,492.47666931152344,369.1876220703125,0.907784640789032,0,898,506,30.0,cfr
165,5.5,423.6544189453125,345.7906188964844,477.3001403808594,410.06787109375,450.47727966308594,377.9292449951172,0.9168775677680969,0,898,506,30.0,cfr
166,5.533333333333333,380.3261413574219,343.4245300292969,432.13873291015625,393.7856140136719,406.23243713378906,368.6050720214844,0.865380585193634,0,898,506,30.0,cfr
167,5.566666666666666,342.7409362792969,332.96099853515625,393.8115539550781,384.8089599609375,368.2762451171875,358.8849792480469,0.8717235326766968,0,898,506,30.0,cfr
168,5.6,309.8288269042969,317.32928466796875,359.9372253417969,370.1122741699219,334.8830261230469,343.7207794189453,0.9220925569534302,0,898,506,30.0,cfr
169,5.633333333333334,282.46630859375,302.9203186035156,335.4436950683594,357.4544982910156,308.9550018310547,330.1874084472656,0.8319337964057922,0,898,506,30.0,cfr
170,5.666666666666667,263.5616149902344,287.94677734375,315.7095947265625,339.7294006347656,289.63560485839844,313.8380889892578,0.8884770274162292,0,898,506,30.0,cfr
171,5.7,247.65264892578125,273.33050537109375,298.5297546386719,324.56988525390625,273.09120178222656,298.9501953125,0.8436241745948792,0,898,506,30.0,cfr
172,5.733333333333333,235.96778869628906,260.83514404296875,288.4726867675781,313.8046875,262.2202377319336,287.3199157714844,0.7936440706253052,0,898,506,30.0,cfr
173,5.766666666666667,226.6513214111328,250.88954162597656,279.38128662109375,302.96343994140625,253.01630401611328,276.9264907836914,0.7578057050704956,0,898,506,30.0,cfr
174,5.8,221.37527465820312,241.80136108398438,273.7639465332031,293.8692626953125,247.56961059570312,267.83531188964844,0.6825980544090271,0,898,506,30.0,cfr
175,5.833333333333333,215.1978759765625,234.892578125,268.81524658203125,288.3211975097656,242.00656127929688,261.6068878173828,0.6018626093864441,0,898,506,30.0,cfr
176,5.866666666666666,212.2889404296875,229.73974609375,263.9364318847656,280.8807067871094,238.11268615722656,255.3102264404297,0.7387096881866455,0,898,506,30.0,cfr
177,5.9,210.15235900878906,226.12603759765625,263.3341064453125,279.0509338378906,236.74323272705078,252.58848571777344,0.875328004360199,0,898,506,30.0,cfr
178,5.933333333333334,209.80169677734375,223.05738830566406,260.15045166015625,275.6276550292969,234.97607421875,249.34252166748047,0.7224432826042175,0,898,506,30.0,cfr
179,5.966666666666667,208.39561462402344,221.4468536376953,259.361328125,274.19744873046875,233.87847137451172,247.82215118408203,0.6857830286026001,0,898,506,30.0,cfr
180,6.0,207.869140625,220.8744354248047,259.0061340332031,273.88934326171875,233.43763732910156,247.38188934326172,0.5904033184051514,0,898,506,30.0,cfr
181,6.033333333333333,208.50279235839844,221.5378875732422,259.6247863769531,274.17279052734375,234.06378936767578,247.85533905029297,0.664192795753479,0,898,506,30.0,cfr
182,6.066666666666666,209.797119140625,223.031982421875,260.1531982421875,275.638427734375,234.97515869140625,249.335205078125,0.7268943190574646,0,898,506,30.0,cfr
183,6.1,210.18402099609375,226.0691375732422,263.0869445800781,279.118408203125,236.63548278808594,252.5937728881836,0.8602828979492188,0,898,506,30.0,cfr
184,6.133333333333334,212.122802734375,230.03237915039062,263.87982177734375,281.008544921875,238.00131225585938,255.5204620361328,0.7062675952911377,0,898,506,30.0,cfr
185,6.166666666666667,215.04641723632812,234.89022827148438,268.7100524902344,288.2428283691406,241.87823486328125,261.5665283203125,0.6371460556983948,0,898,506,30.0,cfr
186,6.2,221.3864288330078,242.3212890625,273.2862854003906,293.9110412597656,247.33635711669922,268.1161651611328,0.7292793989181519,0,898,506,30.0,cfr
187,6.233333333333333,226.70758056640625,251.1190948486328,279.0843811035156,303.03216552734375,252.89598083496094,277.0756301879883,0.8469691872596741,0,898,506,30.0,cfr
188,6.266666666666667,235.88377380371094,261.0711669921875,287.5961608886719,313.6343994140625,261.7399673461914,287.352783203125,0.7325780391693115,0,898,506,30.0,cfr
189,6.3,247.39596557617188,273.0166931152344,298.6951599121094,324.6949462890625,273.0455627441406,298.85581970214844,0.7964000701904297,0,898,506,30.0,cfr
190,6.333333333333333,262.8779296875,287.96417236328125,315.48687744140625,339.95318603515625,289.1824035644531,313.95867919921875,0.855298638343811,0,898,506,30.0,cfr
191,6.366666666666666,282.09228515625,302.7777099609375,335.4583435058594,357.5356140136719,308.7753143310547,330.1566619873047,0.8774828314781189,0,898,506,30.0,cfr
192,6.4,309.8538818359375,316.827392578125,360.54168701171875,369.69207763671875,335.1977844238281,343.2597351074219,0.9153079390525818,0,898,506,30.0,cfr
193,6.433333333333334,342.60333251953125,332.580078125,393.7903137207031,383.8868408203125,368.1968231201172,358.23345947265625,0.8934568166732788,0,898,506,30.0,cfr
194,6.466666666666667,380.7490539550781,343.0852966308594,432.318359375,393.4437255859375,406.53370666503906,368.26451110839844,0.9101161360740662,0,898,506,30.0,cfr
195,6.5,423.549072265625,345.9681091308594,476.4896545410156,406.7762451171875,450.0193634033203,376.37217712402344,0.9226654767990112,0,898,506,30.0,cfr
196,6.533333333333333,467.3166809082031,342.9663391113281,517.544189453125,393.96783447265625,492.43043518066406,368.4670867919922,0.8948851823806763,0,898,506,30.0,cfr
197,6.566666666666666,505.6700439453125,332.99822998046875,556.0992431640625,384.09600830078125,530.8846435546875,358.547119140625,0.8970689177513123,0,898,506,30.0,cfr
198,6.6,537.6458740234375,318.5727844238281,589.6153564453125,370.2664489746094,563.630615234375,344.41961669921875,0.9323135614395142,0,898,506,30.0,cfr
199,6.633333333333334,562.9412841796875,304.02764892578125,616.7454833984375,356.5380859375,589.8433837890625,330.2828674316406,0.6529345512390137,0,898,506,30.0,cfr
200,6.666666666666667,584.0975341796875,287.3992614746094,634.6756591796875,338.7198486328125,609.3865966796875,313.05955505371094,0.8732906579971313,0,898,506,30.0,cfr
201,6.7,598.7008056640625,274.04339599609375,651.097412109375,325.7146911621094,624.8991088867188,299.87904357910156,0.7885012030601501,0,898,506,30.0,cfr
202,6.733333333333333,611.3177490234375,260.6776428222656,662.495849609375,313.41259765625,636.9067993164062,287.0451202392578,0.8561407327651978,0,898,506,30.0,cfr
203,6.766666666666667,619.4456176757812,251.16184997558594,671.6661987304688,302.40032958984375,645.555908203125,276.78108978271484,0.8761662244796753,0,898,506,30.0,cfr
204,6.8,625.2765502929688,242.67762756347656,678.4027099609375,292.9786071777344,651.8396301269531,267.82811737060547,0.824364185333252,0,898,506,30.0,cfr
205,6.833333333333333,631.4004516601562,234.98391723632812,682.5305786132812,287.5509033203125,656.9655151367188,261.2674102783203,0.6333172917366028,0,898,506,30.0,cfr
206,6.866666666666666,634.8377685546875,230.7923126220703,685.6309814453125,280.0907897949219,660.234375,255.4415512084961,0.8978774547576904,0,898,506,30.0,cfr
207,6.9,636.5835571289062,224.70188903808594,689.3825073242188,278.44378662109375,662.9830322265625,251.57283782958984,0.8944178223609924,0,898,506,30.0,cfr
208,6.933333333333334,637.9312133789062,223.4917449951172,690.6815795898438,274.0738220214844,664.306396484375,248.78278350830078,0.8270464539527893,0,898,506,30.0,cfr
209,6.966666666666667,639.2127685546875,221.5437469482422,690.8045043945312,273.6863098144531,665.0086364746094,247.61502838134766,0.8482702374458313,0,898,506,30.0,cfr
210,7.0,639.5098266601562,221.28370666503906,690.9453735351562,273.198974609375,665.2276000976562,247.24134063720703,0.8516976833343506,0,898,506,30.0,cfr
211,7.033333333333333,639.2129516601562,221.5442657470703,690.8150024414062,273.6673889160156,665.0139770507812,247.60582733154297,0.8485567569732666,0,898,506,30.0,cfr
212,7.066666666666666,637.9793090820312,223.51597595214844,690.5995483398438,274.2359313964844,664.2894287109375,248.8759536743164,0.8343274593353271,0,898,506,30.0,cfr
213,7.1,636.625732421875,224.56298828125,689.2214965820312,278.4927062988281,662.9236145019531,251.52784729003906,0.893831729888916,0,898,506,30.0,cfr
214,7.133333333333334,635.060302734375,230.6609344482422,685.6862182617188,280.1860046386719,660.3732604980469,255.42346954345703,0.9098408222198486,0,898,506,30.0,cfr
215,7.166666666666667,631.2083129882812,235.1371612548828,682.5546875,287.637451171875,656.8815002441406,261.3873062133789,0.639607846736908,0,898,506,30.0,cfr
216,7.2,625.4063720703125,242.4348602294922,678.9269409179688,292.89593505859375,652.1666564941406,267.66539764404297,0.8567799925804138,0,898,506,30.0,cfr
217,7.233333333333333,619.5908203125,251.0213623046875,671.9196166992188,302.5760192871094,645.7552185058594,276.79869079589844,0.8977218270301819,0,898,506,30.0,cfr
218,7.266666666666667,611.295654296875,260.1556091308594,662.5867919921875,313.1194152832031,636.9412231445312,286.63751220703125,0.7702437043190002,0,898,506,30.0,cfr
219,7.3,599.2266845703125,273.4299011230469,651.0751953125,325.8854064941406,625.1509399414062,299.65765380859375,0.7816013693809509,0,898,506,30.0,cfr
220,7.333333333333333,584.103271484375,288.1198425292969,634.686767578125,340.55902099609375,609.39501953125,314.3394317626953,0.8302187919616699,0,898,506,30.0,cfr
221,7.366666666666666,563.2814331054688,304.3976745605469,616.942626953125,356.2196960449219,590.1120300292969,330.3086853027344,0.7235249280929565,0,898,506,30.0,cfr
222,7.4,537.8392944335938,318.3092956542969,589.4871826171875,370.2424011230469,563.6632385253906,344.2758483886719,0.9524773359298706,0,898,506,30.0,cfr
223,7.433333333333334,505.9636535644531,333.00933837890625,555.9271850585938,384.2110595703125,530.9454193115234,358.6101989746094,0.9111913442611694,0,898,506,30.0,cfr
224,7.466666666666667,467.6361083984375,343.2027893066406,517.46142578125,394.4783630371094,492.54876708984375,368.840576171875,0.8990491032600403,0,898,506,30.0,cfr
225,7.5,423.42376708984375,345.87493896484375,476.3550720214844,405.5459289550781,449.88941955566406,375.71043395996094,0.9371669888496399,0,898,506,30.0,cfr
226,7.533333333333333,380.8349914550781,342.6514587402344,432.3739013671875,393.7725830078125,406.6044464111328,368.21202087402344,0.8785153031349182,0,898,506,30.0,cfr
227,7.566666666666666,342.7931823730469,332.41876220703125,393.8302307128906,384.2147521972656,368.31170654296875,358.31675720214844,0.9097296595573425,0,898,506,30.0,cfr
228,7.6,309.73529052734375,317.2161560058594,360.61956787109375,369.86419677734375,335.17742919921875,343.54017639160156,0.9169074892997742,0,898,506,30.0,cfr
229,7.633333333333334,282.3463134765625,303.01873779296875,335.8598937988281,357.2475280761719,309.1031036376953,330.1331329345703,0.8839936256408691,0,898,506,30.0,cfr
230,7.666666666666667,263.6955261230469,287.97198486328125,315.6121826171875,339.7413024902344,289.6538543701172,313.8566436767578,0.8481971025466919,0,898,506,30.0,cfr
231,7.7,247.7011260986328,273.009033203125,298.41265869140625,324.6611328125,273.05689239501953,298.8350830078125,0.8483954071998596,0,898,506,30.0,cfr
232,7.733333333333333,236.0118865966797,260.8924865722656,287.65155029296875,314.0163269042969,261.8317184448242,287.45440673828125,0.7371355295181274,0,898,506,30.0,cfr
233,7.766666666666667,226.6784210205078,251.11575317382812,279.1253662109375,302.9580383300781,252.90189361572266,277.0368957519531,0.8115582466125488,0,898,506,30.0,cfr
234,7.8,221.35101318359375,242.07296752929688,273.8521728515625,294.1103210449219,247.60159301757812,268.0916442871094,0.6829401254653931,0,898,506,30.0,cfr
235,7.833333333333333,215.3998565673828,235.1443634033203,268.911376953125,288.1903991699219,242.1556167602539,261.6673812866211,0.627539336681366,0,898,506,30.0,cfr
236,7.866666666666666,212.7666778564453,230.8159637451172,263.97698974609375,280.86083984375,238.37183380126953,255.8384017944336,0.7068405747413635,0,898,506,30.0,cfr
237,7.9,210.01141357421875,226.66241455078125,262.77923583984375,278.70806884765625,236.39532470703125,252.68524169921875,0.8643791675567627,0,898,506,30.0,cfr
238,7.933333333333334,209.91152954101562,223.56968688964844,259.9373779296875,275.4114990234375,234.92445373535156,249.49059295654297,0.7096933722496033,0,898,506,30.0,cfr
239,7.966666666666667,208.4945068359375,221.6217041015625,259.5944519042969,274.6703796386719,234.0444793701172,248.1460418701172,0.7279247641563416,0,898,506,30.0,cfr
240,8.0,207.66285705566406,221.20953369140625,259.2308654785156,274.8013916015625,233.44686126708984,248.00546264648438,0.5860128998756409,0,898,506,30.0,cfr
241,8.033333333333333,208.4719696044922,221.60934448242188,259.5755615234375,274.531494140625,234.02376556396484,248.07041931152344,0.6845989227294922,0,898,506,30.0,cfr
242,8.066666666666666,209.9092559814453,223.56851196289062,259.93927001953125,275.4320983886719,234.92426300048828,249.50030517578125,0.7125447392463684,0,898,506,30.0,cfr
243,8.1,210.00563049316406,226.59609985351562,263.29437255859375,278.644775390625,236.6500015258789,252.6204376220703,0.8655501008033752,0,898,506,30.0,cfr
244,8.133333333333333,212.34645080566406,230.10879516601562,264.0299072265625,281.05108642578125,238.18817901611328,255.57994079589844,0.6926721930503845,0,898,506,30.0,cfr
245,8.166666666666666,215.26937866210938,234.98292541503906,268.9938049316406,288.1390380859375,242.131591796875,261.5609817504883,0.6596310138702393,0,898,506,30.0,cfr
246,8.2,221.31166076660156,242.1217041015625,273.2627868652344,293.9787902832031,247.28722381591797,268.0502471923828,0.7157458066940308,0,898,506,30.0,cfr
247,8.233333333333333,226.7769012451172,251.0703887939453,278.90509033203125,303.0057678222656,252.84099578857422,277.03807830810547,0.8254044055938721,0,898,506,30.0,cfr
248,8.266666666666667,235.94680786132812,260.57965087890625,287.9094543457031,313.49981689453125,261.9281311035156,287.03973388671875,0.796799898147583,0,898,506,30.0,cfr
249,8.3,247.6805877685547,273.0060729980469,298.95477294921875,324.5387268066406,273.3176803588867,298.77239990234375,0.8195917010307312,0,898,506,30.0,cfr
250,8.333333333333334,263.3575744628906,287.8824157714844,315.35516357421875,340.11846923828125,289.3563690185547,314.0004425048828,0.8606044054031372,0,898,506,30.0,cfr
251,8.366666666666667,282.3808288574219,302.9476623535156,335.8642272949219,356.7539367675781,309.1225280761719,329.8507995605469,0.87984299659729,0,898,506,30.0,cfr
252,8.4,309.5818786621094,317.2940673828125,360.0678405761719,370.08782958984375,334.8248596191406,343.6909484863281,0.9234866499900818,0,898,506,30.0,cfr
253,8.433333333333334,343.278564453125,332.4408874511719,393.6309509277344,384.539794921875,368.4547576904297,358.49034118652344,0.9062718152999878,0,898,506,30.0,cfr
254,8.466666666666667,380.955810546875,342.98834228515625,432.2810363769531,393.6003723144531,406.61842346191406,368.2943572998047,0.9065075516700745,0,898,506,30.0,cfr
255,8.5,423.8536682128906,345.80035400390625,476.1543273925781,406.7110595703125,450.0039978027344,376.2557067871094,0.9143134951591492,0,898,506,30.0,cfr
256,8.533333333333333,467.23651123046875,342.7116394042969,517.3883056640625,393.8888854980469,492.3124084472656,368.3002624511719,0.9204289317131042,0,898,506,30.0,cfr
257,8.566666666666666,505.5049743652344,333.0067443847656,555.9251708984375,384.0250549316406,530.7150726318359,358.5158996582031,0.8839848041534424,0,898,506,30.0,cfr
258,8.6,537.9848022460938,318.36572265625,589.646484375,370.0306701660156,563.8156433105469,344.1981964111328,0.9413700699806213,0,898,506,30.0,cfr
259,8.633333333333333,563.6256713867188,303.869140625,616.734130859375,356.0685729980469,590.1799011230469,329.96885681152344,0.7211366891860962,0,898,506,30.0,cfr
260,8.666666666666666,584.0278930664062,287.3058776855469,634.7717895507812,339.0033874511719,609.3998413085938,313.1546325683594,0.8474729657173157,0,898,506,30.0,cfr
261,8.7,599.3849487304688,273.7722473144531,651.16748046875,325.6369323730469,625.2762145996094,299.70458984375,0.812524676322937,0,898,506,30.0,cfr
262,8.733333333333333,611.41943359375,260.6767272949219,662.516357421875,313.4641418457031,636.9678955078125,287.0704345703125,0.7827503681182861,0,898,506,30.0,cfr
263,8.766666666666667,619.4783935546875,251.18202209472656,671.7247924804688,302.6307373046875,645.6015930175781,276.90637969970703,0.8831315040588379,0,898,506,30.0,cfr
264,8.8,625.3086547851562,242.453125,679.015869140625,292.84033203125,652.1622619628906,267.646728515625,0.8618306517601013,0,898,506,30.0,cfr
265,8.833333333333334,631.5142822265625,235.35935974121094,683.0767822265625,287.4066162109375,657.2955322265625,261.3829879760742,0.6823342442512512,0,898,506,30.0,cfr
266,8.866666666666667,635.0712890625,230.91001892089844,685.6718139648438,280.4053649902344,660.3715515136719,255.6576919555664,0.8827075958251953,0,898,506,30.0,cfr
267,8.9,636.3863525390625,224.69949340820312,689.2998657226562,278.5619201660156,662.8431091308594,251.63070678710938,0.8912466764450073,0,898,506,30.0,cfr
268,8.933333333333334,637.808837890625,223.55616760253906,690.7074584960938,274.2878112792969,664.2581481933594,248.92198944091797,0.8290969133377075,0,898,506,30.0,cfr
269,8.966666666666667,638.9213256835938,221.53732299804688,690.7047119140625,273.18927001953125,664.8130187988281,247.36329650878906,0.8152840733528137,0,898,506,30.0,cfr
270,9.0,639.44140625,221.36033630371094,690.7830810546875,272.9071960449219,665.1122436523438,247.1337661743164,0.8264561891555786,0,898,506,30.0,cfr
271,9.033333333333333,639.0201416015625,221.61862182617188,690.6932373046875,273.21441650390625,664.856689453125,247.41651916503906,0.812019407749176,0,898,506,30.0,cfr
272,9.066666666666666,637.7330932617188,223.53585815429688,690.7001953125,274.4972839355469,664.2166442871094,249.01657104492188,0.8399627208709717,0,898,506,30.0,cfr
273,9.1,636.5293579101562,224.5294189453125,689.1618041992188,278.6997375488281,662.8455810546875,251.6145782470703,0.8894204497337341,0,898,506,30.0,cfr
274,9.133333333333333,634.993408203125,230.84544372558594,685.7528686523438,280.743896484375,660.3731384277344,255.79467010498047,0.8866568207740784,0,898,506,30.0,cfr
275,9.166666666666666,631.6651611328125,235.04910278320312,683.0925903320312,287.5429992675781,657.3788757324219,261.2960510253906,0.6165480613708496,0,898,506,30.0,cfr
276,9.2,625.3417358398438,242.68643188476562,678.4517822265625,292.54931640625,651.8967590332031,267.6178741455078,0.8189152479171753,0,898,506,30.0,cfr
277,9.233333333333333,619.4658813476562,250.58734130859375,671.4682006835938,302.52008056640625,645.467041015625,276.5537109375,0.882771909236908,0,898,506,30.0,cfr
278,9.266666666666667,612.0344848632812,260.84161376953125,662.4724731445312,313.5558776855469,637.2534790039062,287.19874572753906,0.8027589917182922,0,898,506,30.0,cfr
279,9.3,598.941650390625,273.796875,651.1407470703125,325.8986511230469,625.0411987304688,299.84776306152344,0.8200862407684326,0,898,506,30.0,cfr
280,9.333333333333334,584.1323852539062,287.14349365234375,634.9415283203125,338.9162902832031,609.5369567871094,313.02989196777344,0.8736677169799805,0,898,506,30.0,cfr
281,9.366666666666667,563.4566040039062,304.1728210449219,617.2568969726562,355.1801452636719,590.3567504882812,329.6764831542969,0.7127230763435364,0,898,506,30.0,cfr
282,9.4,537.718017578125,318.5308532714844,589.5293579101562,370.2698974609375,563.6236877441406,344.40037536621094,0.9546693563461304,0,898,506,30.0,cfr
283,9.433333333333334,505.7088928222656,333.14581298828125,555.78564453125,384.164306640625,530.7472686767578,358.6550598144531,0.8853543996810913,0,898,506,30.0,cfr
284,9.466666666666667,467.582763671875,343.5730285644531,517.47900390625,394.8863220214844,492.5308837890625,369.22967529296875,0.892259418964386,0,898,506,30.0,cfr
285,9.5,423.62310791015625,345.3857727050781,476.52850341796875,408.8453063964844,450.0758056640625,377.11553955078125,0.9233595728874207,0,898,506,30.0,cfr
286,9.533333333333333,380.384765625,343.0691223144531,432.1797180175781,393.3008728027344,406.28224182128906,368.18499755859375,0.8925080299377441,0,898,506,30.0,cfr
287,9.566666666666666,342.67010498046875,332.5755615234375,393.5714111328125,383.8836669921875,368.1207580566406,358.2296142578125,0.8743218183517456,0,898,506,30.0,cfr
288,9.6,309.559814453125,317.0173645019531,359.7943420410156,370.14556884765625,334.6770782470703,343.5814666748047,0.8938366770744324,0,898,506,30.0,cfr
289,9.633333333333333,282.21734619140625,302.7010803222656,335.53875732421875,356.3145446777344,308.8780517578125,329.5078125,0.9048123955726624,0,898,506,30.0,cfr
290,9.666666666666666,263.6724548339844,288.05517578125,315.5317077636719,339.9243469238281,289.6020812988281,313.98976135253906,0.8894429802894592,0,898,506,30.0,cfr
291,9.7,247.60415649414062,273.2029724121094,298.41656494140625,324.77276611328125,273.01036071777344,298.9878692626953,0.870466947555542,0,898,506,30.0,cfr
292,9.733333333333333,235.9546661376953,260.9267883300781,288.5791320800781,314.1062927246094,262.2668991088867,287.51654052734375,0.7744696736335754,0,898,506,30.0,cfr
293,9.766666666666667,226.55450439453125,250.409423828125,280.12237548828125,302.7560729980469,253.33843994140625,276.58274841308594,0.7364906668663025,0,898,506,30.0,cfr
294,9.8,221.5034637451172,241.9753875732422,273.6560363769531,293.8770446777344,247.57975006103516,267.9262161254883,0.6144790649414062,0,898,506,30.0,cfr
295,9.833333333333334,215.36334228515625,234.774658203125,269.1953430175781,288.9168395996094,242.2793426513672,261.8457489013672,0.5705258250236511,0,898,506,30.0,cfr
296,9.866666666666667,212.4916229248047,230.7242889404297,263.884521484375,280.8423156738281,238.18807220458984,255.7833023071289,0.7026219367980957,0,898,506,30.0,cfr
297,9.9,210.25128173828125,226.55068969726562,262.8875427246094,279.4659118652344,236.5694122314453,253.00830078125,0.8557161092758179,0,898,506,30.0,cfr
298,9.933333333333334,209.76817321777344,223.77891540527344,260.1921081542969,274.9817199707031,234.98014068603516,249.38031768798828,0.6906126141548157,0,898,506,30.0,cfr
299,9.966666666666667,208.34869384765625,221.59292602539062,259.6299743652344,274.3572082519531,233.9893341064453,247.97506713867188,0.7288382649421692,0,898,506,30.0,cfr
300,10.0,207.84767150878906,220.8596954345703,259.40289306640625,274.08209228515625,233.62528228759766,247.47089385986328,0.5786757469177246,0,898,506,30.0,cfr
301,10.033333333333333,208.32391357421875,221.62600708007812,259.79052734375,274.33892822265625,234.05722045898438,247.9824676513672,0.6753990054130554,0,898,506,30.0,cfr
302,10.066666666666666,209.7603302001953,223.75210571289062,260.1946105957031,274.995361328125,234.97747039794922,249.3737335205078,0.6905642747879028,0,898,506,30.0,cfr
303,10.1,210.34727478027344,226.51148986816406,262.5508117675781,279.11376953125,236.44904327392578,252.81262969970703,0.853465735912323,0,898,506,30.0,cfr
304,10.133333333333333,212.39710998535156,230.7039337158203,263.9827880859375,280.8594665527344,238.18994903564453,255.78170013427734,0.7206133604049683,0,898,506,30.0,cfr
305,10.166666666666666,215.26242065429688,234.89964294433594,269.15032958984375,287.5938720703125,242.2063751220703,261.2467575073242,0.6227059960365295,0,898,506,30.0,cfr
306,10.2,221.40550231933594,242.222412109375,273.434814453125,293.82415771484375,247.42015838623047,268.0232849121094,0.7774847745895386,0,898,506,30.0,cfr
307,10.233333333333333,226.8927001953125,250.97824096679688,278.7418518066406,302.9742126464844,252.81727600097656,276.9762268066406,0.846830427646637,0,898,506,30.0,cfr
308,10.266666666666667,235.8954620361328,261.2193298339844,288.1744689941406,313.9826965332031,262.0349655151367,287.60101318359375,0.7558610439300537,0,898,506,30.0,cfr
309,10.3,247.66830444335938,272.9501953125,299.0129699707031,324.62091064453125,273.34063720703125,298.7855529785156,0.8081222772598267,0,898,506,30.0,cfr
310,10.333333333333334,263.47332763671875,287.9141540527344,315.7005920410156,339.92822265625,289.5869598388672,313.9211883544922,0.8295960426330566,0,898,506,30.0,cfr
311,10.366666666666667,282.0787658691406,302.9846496582031,335.0458984375,356.7773132324219,308.5623321533203,329.8809814453125,0.9091606736183167,0,898,506,30.0,cfr
312,10.4,311.0369567871094,317.3785705566406,359.7390441894531,370.2718811035156,335.38800048828125,343.8252258300781,0.9043529629707336,0,898,506,30.0,cfr
313,10.433333333333334,342.3236083984375,332.68218994140625,393.6214294433594,383.8736267089844,367.97251892089844,358.2779083251953,0.9198164939880371,0,898,506,30.0,cfr
314,10.466666666666667,380.7115173339844,342.92816162109375,432.1462707519531,393.23785400390625,406.42889404296875,368.0830078125,0.9022706747055054,0,898,506,30.0,cfr
315,10.5,423.515869140625,346.0301208496094,476.75958251953125,408.3396911621094,450.1377258300781,377.1849060058594,0.9066020846366882,0,898,506,30.0,cfr
316,10.533333333333333,467.08587646484375,343.4738464355469,517.4021606445312,394.0075988769531,492.2440185546875,368.74072265625,0.9173868894577026,0,898,506,30.0,cfr
317,10.566666666666666,505.7041931152344,333.0805358886719,555.9649047851562,384.03656005859375,530.8345489501953,358.5585479736328,0.874883234500885,0,898,506,30.0,cfr
318,10.6,537.6632690429688,318.35394287109375,589.6192016601562,370.0018615722656,563.6412353515625,344.1779022216797,0.9479816555976868,0,898,506,30.0,cfr
319,10.633333333333333,563.3631591796875,303.7800598144531,616.88623046875,356.59918212890625,590.1246948242188,330.1896209716797,0.6916133761405945,0,898,506,30.0,cfr
320,10.666666666666666,584.4180908203125,288.2314147949219,634.9547119140625,340.72637939453125,609.6864013671875,314.47889709472656,0.8663625121116638,0,898,506,30.0,cfr
321,10.7,599.2722778320312,273.4422912597656,651.2003784179688,325.8560485839844,625.236328125,299.649169921875,0.7864190936088562,0,898,506,30.0,cfr
322,10.733333333333333,611.5758056640625,260.4914245605469,662.419921875,313.4015197753906,636.9978637695312,286.94647216796875,0.8051169514656067,0,898,506,30.0,cfr
323,10.766666666666667,619.6665649414062,251.2225799560547,671.7431640625,302.5247497558594,645.7048645019531,276.87366485595703,0.8806277513504028,0,898,506,30.0,cfr
324,10.8,625.409912109375,242.56707763671875,678.6788330078125,292.18768310546875,652.0443725585938,267.37738037109375,0.8480127453804016,0,898,506,30.0,cfr
325,10.833333333333334,631.316650390625,235.2966766357422,682.7213745117188,287.3690185546875,657.0190124511719,261.33284759521484,0.7297706007957458,0,898,506,30.0,cfr
326,10.866666666666667,634.968017578125,230.77102661132812,685.4960327148438,280.1597595214844,660.2320251464844,255.46539306640625,0.9016634821891785,0,898,506,30.0,cfr
327,10.9,636.26953125,224.74977111816406,689.3244018554688,278.6138610839844,662.7969665527344,251.68181610107422,0.895855188369751,0,898,506,30.0,cfr
328,10.933333333333334,637.8228149414062,223.6766815185547,690.8002319335938,274.6619567871094,664.3115234375,249.16931915283203,0.8174461126327515,0,898,506,30.0,cfr
329,10.966666666666667,638.92236328125,221.89984130859375,690.7786865234375,273.34246826171875,664.8505249023438,247.62115478515625,0.8459833264350891,0,898,506,30.0,cfr
330,11.0,639.3185424804688,221.33872985839844,690.861083984375,273.38623046875,665.0898132324219,247.36248016357422,0.8578670024871826,0,898,506,30.0,cfr
331,11.033333333333333,638.9296264648438,221.9019012451172,690.7822265625,273.37579345703125,664.8559265136719,247.63884735107422,0.8441376090049744,0,898,506,30.0,cfr
332,11.066666666666666,637.9292602539062,223.6222381591797,690.7398071289062,274.7314758300781,664.3345336914062,249.1768569946289,0.7883650660514832,0,898,506,30.0,cfr
333,11.1,636.2819213867188,224.62789916992188,689.3045043945312,278.66473388671875,662.793212890625,251.6463165283203,0.8897250294685364,0,898,506,30.0,cfr
334,11.133333333333333,634.9500732421875,230.7516326904297,685.6474609375,280.01922607421875,660.2987670898438,255.38542938232422,0.8987828493118286,0,898,506,30.0,cfr
335,11.166666666666666,631.15576171875,235.05328369140625,682.9022827148438,287.8681335449219,657.0290222167969,261.46070861816406,0.6679441332817078,0,898,506,30.0,cfr
336,11.2,625.3485717773438,242.42453002929688,678.8623657226562,292.9007263183594,652.10546875,267.6626281738281,0.8455014824867249,0,898,506,30.0,cfr
337,11.233333333333333,619.577392578125,250.5452117919922,671.961669921875,302.4482421875,645.76953125,276.4967269897461,0.8751184344291687,0,898,506,30.0,cfr
338,11.266666666666667,611.2233276367188,260.636962890625,662.5225219726562,313.72442626953125,636.8729248046875,287.1806945800781,0.7107952833175659,0,898,506,30.0,cfr
339,11.3,599.5911865234375,273.2565612792969,651.0532836914062,325.4898986816406,625.3222351074219,299.37322998046875,0.6710705161094666,0,898,506,30.0,cfr
340,11.333333333333334,583.7645874023438,288.28668212890625,635.0184326171875,340.7856140136719,609.3915100097656,314.53614807128906,0.8365678787231445,0,898,506,30.0,cfr
341,11.366666666666667,563.0620727539062,303.930419921875,616.1851806640625,355.29974365234375,589.6236267089844,329.6150817871094,0.7054715752601624,0,898,506,30.0,cfr
342,11.4,537.7734375,318.234130859375,589.5178833007812,370.0142822265625,563.6456604003906,344.12420654296875,0.9451520442962646,0,898,506,30.0,cfr
343,11.433333333333334,505.5738220214844,333.00848388671875,555.79345703125,384.1264343261719,530.6836395263672,358.5674591064453,0.8963306546211243,0,898,506,30.0,cfr
344,11.466666666666667,467.5642395019531,343.24365234375,517.2770385742188,394.67523193359375,492.42063903808594,368.9594421386719,0.9387076497077942,0,898,506,30.0,cfr
345,11.5,423.5895080566406,345.741943359375,476.6378173828125,408.9683837890625,450.11366271972656,377.35516357421875,0.9243873357772827,0,898,506,30.0,cfr
346,11.533333333333333,380.5321350097656,343.26470947265625,432.17431640625,393.52508544921875,406.3532257080078,368.3948974609375,0.8794622421264648,0,898,506,30.0,cfr
347,11.566666666666666,342.9679260253906,332.3558044433594,393.3606262207031,385.16387939453125,368.1642761230469,358.7598419189453,0.9029853940010071,0,898,506,30.0,cfr
348,11.6,309.92059326171875,317.4718322753906,360.7354736328125,369.7333679199219,335.3280334472656,343.60260009765625,0.8978677988052368,0,898,506,30.0,cfr
349,11.633333333333333,282.4173889160156,302.9435729980469,335.64910888671875,357.85479736328125,309.0332489013672,330.39918518066406,0.887503981590271,0,898,506,30.0,cfr
350,11.666666666666666,263.47076416015625,287.741455078125,315.76422119140625,340.0228576660156,289.61749267578125,313.8821563720703,0.8715319037437439,0,898,506,30.0,cfr
351,11.7,247.52066040039062,273.0647277832031,298.4221496582031,324.8267517089844,272.9714050292969,298.94573974609375,0.8562710881233215,0,898,506,30.0,cfr
352,11.733333333333333,235.87075805664062,260.731689453125,288.19384765625,314.1615295410156,262.0323028564453,287.4466094970703,0.8097732067108154,0,898,506,30.0,cfr
353,11.766666666666667,226.40771484375,250.39141845703125,279.6737060546875,302.74951171875,253.04071044921875,276.5704650878906,0.8347086310386658,0,898,506,30.0,cfr
354,11.8,221.48866271972656,242.01109313964844,273.47906494140625,293.7147216796875,247.4838638305664,267.86290740966797,0.6723385453224182,0,898,506,30.0,cfr
355,11.833333333333334,215.4454803466797,234.82582092285156,269.31402587890625,288.0936279296875,242.37975311279297,261.45972442626953,0.6316596269607544,0,898,506,30.0,cfr
356,11.866666666666667,212.36392211914062,229.75885009765625,263.81005859375,280.8672790527344,238.0869903564453,255.3130645751953,0.7023890018463135,0,898,506,30.0,cfr
357,11.9,210.23086547851562,226.24859619140625,262.95281982421875,278.9766845703125,236.5918426513672,252.61264038085938,0.8202453255653381,0,898,506,30.0,cfr
358,11.933333333333334,209.7915496826172,223.06741333007812,260.1583251953125,275.3249206542969,234.97493743896484,249.1961669921875,0.6703457832336426,0,898,506,30.0,cfr
359,11.966666666666667,208.56077575683594,221.62753295898438,259.72637939453125,274.47027587890625,234.1435775756836,248.0489044189453,0.7359034419059753,0,898,506,30.0,cfr
